Record;EDID;Full - Name
5439237;recipe_mod_GaussRifle_SCOPE_shortscope_NV_Base;Plan:  Gauss Rifle Short NV Scope
5422058;recipe_mod_PipeGun_Receiver_Automatic-AmmoConversion;Plan:  Pipe Gun Automatic .38 Receiver
5423803;recipe_mod_PipeGun_Receiver_AmmoConv45-HipAccuracy;Plan:  Pipe Gun Precise .45 Receiver
5419061;recipe_mod_PipeRevolver_SCOPE_shortscope_NV_Base;Plan:  Pipe Revolver Short NV Scope
4419591;Recipe_Weapon_Ranged_44;Plan: .44 Revolver
4419598;Recipe_Weapon_Ranged_50CalMachineGun;Plan: .50 Cal Machine Gun
5432453;Recipe_Weapon_Ranged_10mm;Plan: 10mm Pistol
5195626;Recipe_Weapon_Ranged_10mmSMG;Plan: 10mm SMG
5588919;recipe_mod_10mmSMG_Magazine_Ammo;Plan: 10mm Submachine Gun Drum Magazine
4023604;Recipe_Workshop_Instruments_Wood;Plan: Acoustic Instruments
5152721;Recipe_Workshop_PowerConnectors_AdvancedItems;Plan: Advanced Power Connectors
3970294;Recipe_Workshop_WallDecor_PoweredPoster_Adverts;Plan: Advertisement Posters
4419596;POST_Recipe_Weapon_Ranged_AlienBlaster;Plan: Alien Blaster
3470;recipe_mod_AlienBlaster_AlienMag_AmmoConversion;Plan: Alien Blaster Fusion Mag
3469;POST_recipe_mod_AlienBlaster_Scope_ScopeShort_NV;Plan: Alien Blaster Short NV Scope
4147049;Recipe_Workshop_FloorDecor_Fasnacht_AlpineHorn;Plan: Alpine Horn
3970246;Recipe_Workshop_Lights_AntiqueLights;Plan: Antique Lights
3963882;Recipe_Workshop_Tables_Federalist01;Plan: Antique Tables
5139696;Recipe_Workshop_Chairs_Chairs_Wood_Antique;Plan: Antique Wooden Chairs
4629417;zzz_Recipe_Backpack_Material_Aqua;Plan: Aqua Backpack Material
5147035;Recipe_Workshop_DefensiveStructures_Artillery;Plan: Artillery
5146999;Recipe_Workshop_Appliances_HighTechAshtray_Dirty;Plan: Ashtray
5195632;Recipe_Weapon_Ranged_AssaultRifle_MQ;Plan: Assault Rifle
2161;recipe_mod_AssaultRifle_Receiver_FastTrigger-CritDMG;Plan: Assault Rifle Fierce Receiver
5463091;recipe_mod_AssaultRifle_SCOPE_longscope_NV_Base;Plan: Assault Rifle Long NV Scope
5463092;recipe_mod_AssaultRifle_SCOPE_mediumscope_NV_Base;Plan: Assault Rifle Medium NV Scope
3271272;recipe_mod_AssaultRifle_Receiver_ScorchedKiller;Plan: Assault Rifle Scorched Killer's Receiver
5463093;recipe_mod_AssaultRifle_SCOPE_shortscope_NV_Base;Plan: Assault Rifle Short NV Scope
2163;recipe_mod_AssaultRifle_Receiver_FastTrigger-HipAccuracy;Plan: Assault Rifle Steadfast Receiver
2162;recipe_mod_AssaultRifle_Receiver_FastTrigger-Damage;Plan: Assault Rifle Vigorous Receiver
4419571;Recipe_Weapon_Melee_AssaultronBlade;Plan: Assaultron Blade
4419600;Recipe_Weapon_Ranged_AssaultronHead;Plan: Assaultron Head
4641432;zzzrecipe_mod_AssaultronHead_Sheepsquatch;Plan: Assaultron Head Sheepsquatch mod
5152699;Recipe_Workshop_Lights_MiscLights;Plan: Assorted Lights
5145909;Recipe_Workshop_FloorDecor_Rugs_Bearskin_Rug;Plan: Authentic Bearskin Rug
5195646;Recipe_Weapon_Ranged_AutoGrenadeLauncher;Plan: Auto Grenade Launcher
4629413;P01C_Tadpole_Recipe_Backpack_Effect_ArmorPlated;Plan: Backpack Armor-Plated Mod
4629414;P01C_Tadpole_Recipe_Backpack_Effect_HighCapacity;Plan: Backpack High Capacity Mod
4629415;P01C_Tadpole_Recipe_Backpack_Effect_Insulated;Plan: Backpack Insulated Mod
4375902;P01C_Tadpole_Recipe_Backpack_Effect_LeadLined;Plan: Backpack Lead Lined Mod
4629416;P01C_Tadpole_Recipe_Backpack_Effect_Refrigerated;Plan: Backpack Refrigerated Mod
5145935;Recipe_Workshop_Appliances_PicnicGrill;Plan: Backyard Grill
5442094;recipe_DLC03_mod_HarpoonGun_Magazine_Barbed;Plan: Barbed Harpoon
4582487;recipe_mod_melee_SheepsquatchClub_Barbwire;Plan: Barbed Sheepsquatch Club
4582481;recipe_mod_melee_SheepsquatchStaff_Barbwire;Plan: Barbed Sheepsquatch Staff
2835107;recipe_mod_melee_WalkingCane_SpikesSmall;Plan: Barbed Walking Cane
5139699;Recipe_Workshop_Walls_Barn_Set;Plan: Barn Building Set
4419566;Recipe_Weapon_Melee_BaseballBat;Plan: Baseball Bat
1708933;recipe_DLC04_mod_melee_BaseballBat_Heated;Plan: Baseball Bat Heated Coil
1708215;recipe_DLC04_mod_melee_BaseballBat_Rocket;Plan: Baseball Bat Rocket
1708216;recipe_DLC04_mod_melee_BaseballBat_Rocket_SpikesLarge_Heated;Plan: Baseball Bat Searing Puncturing Rocket
5145919;Recipe_Workshop_FloorDecor_Statues_Baseball01;Plan: Baseball Player Statue
5147037;Recipe_Workshop_MiscStructures_BasketballHoop;Plan: Basketball Hoop
5147039;Recipe_Workshop_MiscStructures_BasketballHoop02;Plan: Basketball Hoop 2
5147015;Recipe_Workshop_Appliances_BathroomToilet_Broken;Plan: Bathroom Toilet
5147017;Recipe_Workshop_Appliances_BathroomBathtub_Broken;Plan: Bathtub
4419567;Recipe_Weapon_Melee_Baton;Plan: Baton
4192992;Recipe_Weapon_Melee_BearArm;Plan: Bear Arm
4192993;recipe_mod_melee_BearArm_Heavy;Plan: Bear Arm Heavy Mod
4192994;recipe_mod_melee_BearArm_Puncturing;Plan: Bear Arm Puncturing Mod
4023580;Recipe_Workshop_Container_BearProof_Trashcan;Plan: Bear-Proof Trashcan
4147017;Recipe_Workshop_Crafting_Brewing_BeerKeg;Plan: Beer Keg
140539;recipe_mod_armor_Combat_Lining_Torso_Mesh_BioComm;Plan: BioCommMesh Combat Armor Lining
210872;recipe_mod_armor_Leather_Lining_Torso_Mesh_BioComm;Plan: BioCommMesh Leather Armor Lining
163269;recipe_mod_armor_Metal_Lining_Torso_Mesh_BioComm;Plan: BioCommMesh Metal Armor Lining
158142;recipe_mod_armor_RaiderMod_Lining_Torso_Mesh_BioComm;Plan: BioCommMesh Raider Armor Lining
114481;recipe_mod_armor_Robot_Lining_Torso_Mesh_BioComm;Plan: BioCommMesh Robot Armor Lining
157883;recipe_mod_armor_Trapper_Lining_Torso_Mesh_BioComm;Plan: BioCommMesh Trapper Armor Lining
4375881;Recipe_Backpack_Standard_Material_BlackCloth;Plan: Black Cloth Backpack
4375883;Recipe_Backpack_Standard_Material_BlackLeather;Plan: Black Leather Backpack
5195627;Recipe_Weapon_Ranged_Blackpowder_Pistol;Plan: Blackpowder Pistol
5195631;Recipe_Weapon_Ranged_Blackpowder_Rifle;Plan: Blackpowder Rifle
2835108;recipe_DLC04_mod_melee_DLC04_CommieWhacker_BladesLarge;Plan: Bladed Commie Whacker
4419644;CUT_recipe_mod_PaddleBall_Bladed;Plan: Bladed Paddle Ball
4629418;zzz_Recipe_Backpack_Material_Blue;Plan: Blue Backpack Material
4023548;Recipe_Workshop_Shelves_CharGen_Shelf03;Plan: Bookcase
157859;recipe_mod_armor_Combat_Arm_Material_BOS;Plan: BoS Combat Armor Arms
140541;recipe_mod_armor_Combat_Torso_Material_BOS;Plan: BoS Combat Armor Chest Piece
157831;recipe_mod_armor_Combat_Leg_Material_BOS;Plan: BoS Combat Armor Legs
3224855;recipe_Armor_BoS_Knight_Underarmor;Plan: BOS Knight Uniform
3224854;recipe_Armor_BoS_Officer_Underarmor;Plan: BOS Officer Uniform
3224312;recipe_Armor_BoS_Soldier_Underarmor;Plan: BOS Soldier Uniform
4419568;Recipe_Weapon_Melee_BowieKnife;Plan: Bowie Knife
4419569;Recipe_Weapon_Melee_BoxingGlove;Plan: Boxing Glove
1585947;recipe_mod_melee_BoxingGlove_ExtraHeavyHead;Plan: Boxing Glove Lead Lining
5152719;Recipe_Workshop_Resources_Collector_Fertilizer;Plan: Brahmin Pen
4629359;Recipe_Workshop_Crafting_Brewing_Bench;Plan: Brewing Station
5139701;Recipe_Workshop_Walls_Brick_Set;Plan: Brick Building Set
4419599;Recipe_Weapon_Ranged_Broadsider;Plan: Broadsider
5463094;recipe_mod_Broadsider_Magazine_Multi;Plan: Broadsider Multi Shot Canister
5311353;BoSZ03_Recipe_ReconRifleRecipe;Plan: Brotherhood Recon Rifle
4375885;Recipe_Backpack_Standard_Material_BrownLeather;Plan: Brown Leather Backpack
5130320;Recipe_Workshop_Bed_NpcBunkBedLay01;Plan: Bunk Bed
4023588;Recipe_Workshop_Container_Prewar_Fancy_Bureau01;Plan: Bureau
4582489;recipe_mod_melee_SheepsquatchClub_BurningBarbwire;Plan: Burning Barbed Sheepsquatch Club
4582483;recipe_mod_melee_SheepsquatchStaff_BurningBarbwire;Plan: Burning Barbed Sheepsquatch Staff
4582488;recipe_mod_melee_SheepsquatchClub_Burning;Plan: Burning Sheepsquatch Club Mod
4582482;recipe_mod_melee_SheepsquatchStaff_Burning;Plan: Burning Sheepsquatch Staff Mod
4023597;Recipe_Workshop_Container_Prewar_Cabinet_Garage;Plan: Cabinets
3963878;Recipe_Workshop_Tables_CafeTables;Plan: Cafe Tables
4641424;Recipe_Workshop_MiscStructures_Tent_CampfireTales;Plan: Campfire Tales Tent
1584974;recipe_mod_Chainsaw_Flamer;Plan: Chainsaw Flamer
1584973;recipe_mod_Chainsaw_Bar_Bow_Long;Plan: Chainsaw Long Bow Bar
5130363;Recipe_Workshop_Crafting_CraftingChems;Plan: Chemistry Workbench
5158716;Recipe_Weapon_Melee_ChineseOfficerSword;Plan: Chinese Officer Sword
1585883;recipe_mod_melee_ChineseOfficerSword_Shock;Plan: Chinese Officer Sword Electrified Blade
1585754;recipe_mod_melee_ChineseOfficerSword_ShockAndSerrated;Plan: Chinese Officer Sword Electrified Serrated Blade
5147003;Recipe_Workshop_Appliances_CigaretteMachine;Plan: Cigarette Machine
3807103;recipe_Clothes_CivilWarEraDress;Plan: Civil War Era Dress
3807104;recipe_Clothes_CivilWarEraSuit;Plan: Civil War Era Suit
5301231;recipe_Headwear_CivilWarEraHat;Plan: Civil War Era Top Hat
4419597;Recipe_Weapon_Ranged_CombatRifle_MQ;Plan: Combat Rifle
5459921;recipe_mod_CombatRifle_Receiver_AmmoConv38;Plan: Combat Rifle .38 Receiver
5459923;recipe_mod_CombatRifle_Receiver_Auto-AmmoConv;Plan: Combat Rifle Automatic .38 Receiver
5459924;recipe_mod_CombatRifle_Receiver_CritDMG-AmmoConv;Plan: Combat Rifle Critical .38 Receiver
5459072;recipe_mod_CombatRifle_Receiver_FastTrigger-AmmoConv;Plan: Combat Rifle Hasty .38 Receiver
5459073;recipe_mod_CombatRifle_SCOPE_LongScope_NV_Base;Plan: Combat Rifle Long NV Scope
3271251;recipe_mod_CombatRifle_SCOPE_LongScope_Recon;Plan: Combat Rifle Long Recon Scope
5459062;recipe_mod_CombatRifle_SCOPE_MediumScope_NV_Base;Plan: Combat Rifle Medium NV Scope
5459922;recipe_mod_CombatRifle_Receiver_AmmoConv38-HipAccuracy;Plan: Combat Rifle Precise .38 Receiver
5459071;recipe_mod_CombatRifle_Receiver_Damage-AmmoConv;Plan: Combat Rifle Refined .38 Receiver
3271273;recipe_mod_CombatRifle_Receiver_ScorchedKiller;Plan: Combat Rifle Scorched Killer's Receiver
5459063;recipe_mod_CombatRifle_SCOPE_ShortScope_NV_Base;Plan: Combat Rifle Short NV Scope
5459070;recipe_mod_CombatRifle_Receiver_CritDMG-FastTrigger;Plan: Combat Rifle Snappy Receiver
5195647;Recipe_Weapon_Ranged_Combatshotgun;Plan: Combat Shotgun
5459064;recipe_mod_CombatShotgun_SCOPE_longscope_NV_Base;Plan: Combat Shotgun Long NV Scope
5459065;recipe_mod_CombatShotgun_SCOPE_mediumscope_NV_Base;Plan: Combat Shotgun Medium NV Scope
5442092;recipe_mod_CombatShotgun_SCOPE_shortscope_NV_Base;Plan: Combat Shotgun Short NV Scope
3970296;Recipe_Workshop_WallDecor_PoweredPoster_Communism;Plan: Communism Posters
5301232;recipe_Headwear_CivilWarHatConfederate;Plan: Confederate Hat
3807106;recipe_Clothes_CivilWarUniformConfederate;Plan: Confederate Uniform
5130365;Recipe_Workshop_Crafting_CraftingCooking_Spit;Plan: Cooking Spit
5130373;Recipe_Workshop_Crafting_CraftingCooking_Stove;Plan: Cooking Stove
4023596;Recipe_Workshop_Container_Cooler;Plan: Cooler
5301234;recipe_Headwear_HalloweenCostume01Hat_Witch;Plan: Costume Witch Hat
5195648;Recipe_Weapon_Ranged_Crossbow;Plan: Crossbow
5145833;Recipe_Tinkers_GrenadeCryo;Plan: Cryo Grenade
5145834;Recipe_Tinkers_MineCryo;Plan: Cryo Mine
5195649;Recipe_Weapon_Ranged_Cryolater;Plan: Cryolator
4023537;Recipe_Workshop_WallDecor_WallClocks_Cuckoo;Plan: Cuckoo Clock
5158717;Recipe_Weapon_Melee_CultistBlade;Plan: Cultist Blade
5158718;Recipe_Weapon_Melee_CultistDagger;Plan: Cultist Dagger
143000;recipe_mod_armor_Combat_Lining_LimbLeg_ReducedFallingDamage;Plan: Cushioned Combat Armor Legs
218218;recipe_mod_armor_Leather_Lining_LimbLeg_ReducedFallingDamage;Plan: Cushioned Leather Armor Legs
137413;recipe_DLC03_mod_armor_Marine_Lining_LimbLeg_ReducedFallingDamage;Plan: Cushioned Marine Armor Legs
178548;recipe_mod_armor_Metal_Lining_LimbLeg_ReducedFallingDamage;Plan: Cushioned Metal Armor Legs
195689;recipe_mod_armor_RaiderMod_Lining_LimbLeg_ReducedFallingDamage;Plan: Cushioned Raider Armor Legs
114485;recipe_mod_armor_Robot_Lining_LimbLeg_ReducedFallingDamage;Plan: Cushioned Robot Armor Legs
157925;recipe_mod_armor_Trapper_Lining_LimbLeg_ReducedFallingDamage;Plan: Cushioned Trapper Armor Legs
5145911;Recipe_Workshop_FloorDecor_Rugs_DaisyRug;Plan: Daisy Rug
5194464;Recipe_Weapon_Melee_DeathTambo;Plan: Death Tambo
4419570;Recipe_Weapon_Melee_DeathclawGauntlet;Plan: Deathclaw Gauntlet
2835142;recipe_mod_melee_DeathclawGauntlet_Hook;Plan: Deathclaw Gauntlet Extra Claw
5381965;Recipe_Workshop_MiscStructures_DeconArch;Plan: Decontamination Shower
143002;recipe_mod_armor_Combat_Lining_Torso_ImprovedCarryCapacity2;Plan: Deep Pocketed Combat Armor Chest
143901;recipe_mod_armor_Combat_Lining_Limb_ImprovedCarryCapacity2;Plan: Deep Pocketed Combat Armor Limbs
210870;recipe_mod_armor_Leather_Lining_Torso_ImprovedCarryCapacity2;Plan: Deep Pocketed Leather Armor Chest
218220;recipe_mod_armor_Leather_Lining_Limb_ImprovedCarryCapacity2;Plan: Deep Pocketed Leather Armor Limbs
137488;recipe_DLC03_mod_armor_Marine_Lining_Limb_ImprovedCarryCapacity2;Plan: Deep Pocketed Marine Armor Limbs
163267;recipe_mod_armor_Metal_Lining_Torso_ImprovedCarryCapacity2;Plan: Deep Pocketed Metal Armor Chest
190679;recipe_mod_armor_Metal_Lining_Limb_ImprovedCarryCapacity2;Plan: Deep Pocketed Metal Armor Limbs
158162;recipe_mod_armor_RaiderMod_Lining_Torso_ImprovedCarryCapacity2;Plan: Deep Pocketed Raider Armor Chest
158240;recipe_mod_armor_RaiderMod_Lining_Limb_ImprovedCarryCapacity2;Plan: Deep Pocketed Raider Armor Limbs
114486;recipe_mod_armor_Robot_Lining_Torso_ImprovedCarryCapacity2;Plan: Deep Pocketed Robot Armor Chest
114505;recipe_mod_armor_Robot_Lining_Limb_ImprovedCarryCapacity2;Plan: Deep Pocketed Robot Armor Limbs
157881;recipe_mod_armor_Trapper_Lining_Torso_ImprovedCarryCapacity2;Plan: Deep Pocketed Trapper Armor Chest
158020;recipe_mod_armor_Trapper_Lining_Limb_ImprovedCarryCapacity2;Plan: Deep Pocketed Trapper Armor Limbs
4251461;Recipe_Workshop_WallDecor_Taxidermy_MountedDeerSkull;Plan: Deer Skull
4419637;recipe_mod_armor_Combat_Lining_Torso_Explosion2;Plan: Dense Combat Armor Torso
4419638;recipe_mod_armor_Leather_Lining_Torso_Explosion2;Plan: Dense Leather Armor Torso
4419625;recipe_DLC03_miscmod_mod_armor_Marine_Lining_Torso_Explosion2;Plan: Dense Marine Armor Torso
4419639;recipe_mod_armor_Metal_Lining_Torso_Explosion2;Plan: Dense Metal Armor Torso
4419642;recipe_mod_armor_RaiderMod_Lining_Torso_Explosion2;Plan: Dense Raider Armor Torso
4419643;recipe_mod_armor_Robot_Lining_Torso_Explosion2;Plan: Dense Robot Armor Lining
4419628;recipe_DLC03_mod_armor_Trapper_Lining_Torso_Explosion2;Plan: Dense Trapper Armor Torso
4023579;Recipe_Workshop_Container_Vault_Desk_01;Plan: Desk
4023553;Recipe_Workshop_Shelves_WksDisplayCaseWood;Plan: Display Cases
5145900;Recipe_Workshop_FloorDecor_Whitespring_Dome_Sculpture;Plan: Dome Sculpture
3963891;Recipe_Workshop_Tables_PlayerHouse_Ruin_Kitchen;Plan: Domestic Kitchen Tables
3963886;Recipe_Workshop_Tables_ModernDomestic_Ruin_LivingRoom;Plan: Domestic Tables
5195654;Recipe_Weapon_Ranged_DoubleBarrelShotgun_MQ;Plan: Double Barrel Shotgun
4023550;Recipe_Workshop_Shelves_GroceryStore_TwoSided;Plan: Double Display Shelf
5306491;recipe_mod_DoubleBarrelShotgun_Receiver_ScorchedKiller;Plan: Double-Barrel Scorched Killer's Receiver
4023578;Recipe_Workshop_Container_Vault_Dresser_01;Plan: Dresser
4023592;Recipe_Workshop_Container_PlayerHouse_Dressers;Plan: Dressers
4023590;Recipe_Workshop_Container_Dumpster01;Plan: Dumpster
5146993;Recipe_Workshop_Appliances_Eatotronic;Plan: Eat-o-Tronic
3970278;Recipe_Workshop_Chairs_Chairs_Padded_ElectricChair;Plan: Electric Chair
2835143;recipe_dlc01_mod_melee_assaultronblade_Shock;Plan: Electrified Assaultron Blade
2835131;recipe_DLC01_mod_melee_MrHandyBuzzBlade_Shock;Plan: Electrified Mr. Handy Buzz Blade
4419645;CUT_recipe_mod_PaddleBall_Electric;Plan: Electrified Paddle Ball
4582492;recipe_mod_melee_SheepsquatchClub_Shock;Plan: Electrified Sheepsquatch Club Mod
4582486;recipe_mod_melee_SheepsquatchStaff_Shock;Plan: Electrified Sheepsquatch Staff Mod
4582459;recipe_mod_melee_ShepherdsCrook_Shock;Plan: Electrified Shepherd's Crook
3970280;Recipe_Workshop_Chairs_Chairs_Padded_Fancy;Plan: Elegant Chairs
4023569;Recipe_Workshop_Couches_Elegant;Plan: Elegant Couches
5152705;Recipe_Workshop_Lights_FancyLights;Plan: Elegant Light Set
3963881;Recipe_Workshop_Tables_Fancy01;Plan: Elegant Tables
4023575;Recipe_Workshop_Container_Fancy01;Plan: Elegant Tables
4023545;Recipe_Workshop_WallDecor_WallClocks_Whitesprings_02;Plan: Elegant Wall Clock
3963877;Recipe_Workshop_Tables_AsylumEndTables;Plan: End Tables
5249206;recipe_mod_PowerArmor_Excavator_Torso_Misc_Cleanser;Plan: Excavator Blood Cleanser
5249201;recipe_mod_PowerArmor_Excavator_Leg_Misc_Carry;Plan: Excavator Calibrated Shocks
5249205;recipe_mod_PowerArmor_Excavator_Torso_Misc_BatRegen;Plan: Excavator Core Assembly
5249208;recipe_mod_PowerArmor_Excavator_Torso_Misc_Emergency;Plan: Excavator Emergency Protocols
5249202;recipe_mod_PowerArmor_Excavator_Leg_Misc_ExplVent;Plan: Excavator Explosive Vent
5249196;POST_recipe_mod_PowerArmor_Excavator_Helmet_Headlamp;Plan: Excavator Headlamp
5249159;recipe_Armor_PowerArmor_Excavator_Helmet;Plan: Excavator Helmet
5249195;recipe_mod_PowerArmor_Excavator_Arm_Misc_Unarmed;Plan: Excavator Hydraulic Bracers
5249198;recipe_mod_PowerArmor_Excavator_Helmet_Misc_Int;Plan: Excavator Internal Database
5249209;recipe_mod_PowerArmor_Excavator_Torso_Misc_Kinetic;Plan: Excavator Kinetic Dynamo
5249200;recipe_mod_PowerArmor_Excavator_Leg_Misc_APRegen;Plan: Excavator Kinetic Servos
5249157;recipe_Armor_PowerArmor_Excavator_ArmLeft;Plan: Excavator Left Arm
5249160;recipe_Armor_PowerArmor_Excavator_LegLeft;Plan: Excavator Left Leg
5249210;recipe_mod_PowerArmor_Excavator_Torso_Misc_MedicPump;Plan: Excavator Medic Pump
5249212;recipe_mod_PowerArmor_Excavator_Torso_Misc_Str;Plan: Excavator Motion-Assist Servos
5249194;recipe_mod_PowerArmor_Excavator_Arm_Misc_Optimized;Plan: Excavator Optimized Bracers
5249203;recipe_mod_PowerArmor_Excavator_Leg_Misc_OptimizedServos;Plan: Excavator Optimized Servos
5249204;recipe_mod_PowerArmor_Excavator_Leg_Misc_SprintBoost;Plan: Excavator Overdrive Servos
5249211;recipe_mod_PowerArmor_Excavator_Torso_Misc_Reactive;Plan: Excavator Reactive Plates
5249158;recipe_Armor_PowerArmor_Excavator_ArmRight;Plan: Excavator Right Arm
5249161;recipe_Armor_PowerArmor_Excavator_LegRight;Plan: Excavator Right Leg
5249193;recipe_mod_PowerArmor_Excavator_Arm_Misc_Bleed;Plan: Excavator Rusty Knuckles
5249199;recipe_mod_PowerArmor_Excavator_Helmet_Misc_Sensor;Plan: Excavator Sensor Array
5249197;recipe_mod_PowerArmor_Excavator_Helmet_Misc_DetectLife;Plan: Excavator Targeting HUD
5249213;recipe_mod_PowerArmor_Excavator_Torso_Misc_Tesla;Plan: Excavator Tesla Coils
5249162;recipe_Armor_PowerArmor_Excavator_Torso;Plan: Excavator Torso
5249207;recipe_mod_PowerArmor_Excavator_Torso_Misc_DMGShield;Plan: Excavator Welded Rebar
4572316;Recipe_Weapon_P01E_HeartPerfume;Plan: Expensive Perfume
5130333;Recipe_Workshop_Bed_NpcFancyBed_Full;Plan: Fancy Bed
4156249;Recipe_Workshop_FloorDecor_Misc_Fasnacht_Balloons;Plan: Fasnacht Balloons
4148012;zzzRecipe_Headwear_Fasnacht_Beret;Plan: Fasnacht Beret
4148001;Recipe_Workshop_WallDecor_Misc_Fasnacht_GarlandBranch;Plan: Fasnacht Branch Garland
4148006;Recipe_Workshop_FloorDecor_Rugs_Fasnacht_ConfettiPile;Plan: Fasnacht Confetti Pile
4161439;CUT_Recipe_Workshop_FloorDecor_Misc_Fasnacht_Effigy;Plan: Fasnacht Effigy
4147997;Recipe_Workshop_FloorDecor_Misc_Fasnacht_PoleFlag;Plan: Fasnacht Flag Pole
4148005;Recipe_Workshop_CeilingDecor_Misc_Fasnacht_Ribbons;Plan: Fasnacht Hanging Ribbons
4148004;Recipe_Workshop_CeilingDecor_Misc_Fasnacht_Snowflakes;Plan: Fasnacht Hanging Snowflakes
4148002;Recipe_Workshop_WallDecor_Misc_Fasnacht_GarlandHelvetia;Plan: Fasnacht Helvetia Garland
4147999;Recipe_Workshop_WallDecor_Misc_Fasnacht_WallFlag;Plan: Fasnacht Mounted Flag
4148000;Recipe_Workshop_WallDecor_Misc_Fasnacht_WallBranch;Plan: Fasnacht Mounted Ribbons
4148003;Recipe_Workshop_WallDecor_Misc_Fasnacht_PartyStreamers;Plan: Fasnacht Party Streamers
4147996;Recipe_Workshop_FloorDecor_Misc_Fasnacht_PoleLantern;Plan: Fasnacht Pole Lantern
4147998;Recipe_Workshop_FloorDecor_Misc_Fasnacht_PoleRibbons;Plan: Fasnacht Ribbons Pole
4419601;Recipe_Weapon_Ranged_Fatman;Plan: Fatman
5441941;recipe_mod_Fatman_Barrel_MIRV;Plan: Fatman MIRV Launcher
4146688;Recipe_Workshop_Crafting_Brewing_Fermenter;Plan: Fermenting Station
4023593;Recipe_Workshop_Container_OfficeFileCabinets;Plan: File Cabinets
5158719;Recipe_Weapon_Melee_FireAxe;Plan: Fire Axe
4419649;CUT_recipe_mod_PaddleBall_Fire;Plan: Fire Paddle Ball
3803161;POST_Recipe_Workshop_PowerConnectors_FiringTargets;Plan: Firing Targets
5195655;Recipe_Weapon_Ranged_Flamer;Plan: Flamer
5441942;recipe_mod_Flamer_Receiver_TankNapalm;Plan: Flamer Napalm Tank
4023632;Recipe_Workshop_Trap_Flamethrower;Plan: Flamethrower Trap
3224267;recipe_Armor_Casual_Underarmor_FlannelJeans;Plan: Flannel Shirt and Jeans
5195624;Recipe_Weapon_Ranged_FlareGun;Plan: Flare Gun
4023598;Recipe_Workshop_Container_WorkshopSafeFloor01;Plan: Floor Safe
4023587;Recipe_Workshop_Container_FootLocker;Plan: Footlocker
4629412;NOTINUSE_Recipe_Armor_Backpack_Frame;Plan: Frame Backpack
4361289;Recipe_Workshop_FloorDecor_FrogHabitat;Plan: Frog Habitat
5143123;Recipe_Workshop_Power_Generator_Fusion;Plan: Fusion Generator
4419593;Recipe_Weapon_Ranged_GammaGun;Plan: Gamma Gun
5441943;recipe_mod_GammaGun_SpecialMuzzle_Charger;Plan: Gamma Gun Electric Signal Carrier Antennae
3803158;Recipe_Workshop_Walls_Warehouse_GarageDoor;Plan: Garage Door
5139687;Recipe_Workshop_Benches_Metal_Asylum;Plan: Garden Bench
5145907;Recipe_Workshop_FloorDecor_Misc_RedRocketGasSign01;Plan: Gas Signage
5195663;Recipe_Weapon_Ranged_GatlingGun;Plan: Gatling Gun
5195656;Recipe_Weapon_Ranged_GatlingLaser;Plan: Gatling Laser
5441681;recipe_mod_GatlingLaser_Receiver_Burning-HipAccuracy;Plan: Gatling Laser Refined Beta Wave Tuner
5441680;recipe_mod_GatlingLaser_Receiver_Burning-CritDMG;Plan: Gatling Laser Severe Beta Wave Tuner
5195657;Recipe_Weapon_Ranged_GatlingPlasma;Plan: Gatling Plasma
5195658;Recipe_Weapon_Ranged_GaussRifle;Plan: Gauss Rifle
5439235;recipe_mod_GaussRifle_SCOPE_longscope_NV_Base;Plan: Gauss Rifle Long NV Scope
5439236;recipe_mod_GaussRifle_SCOPE_MediumScope_NV_Base;Plan: Gauss Rifle Medium NV Scope
4023543;Recipe_Workshop_WallDecor_WallClocks_Whitesprings;Plan: Gilded Wall Clock
4582457;recipe_mod_melee_ShepherdsCrook_GlassCovered;Plan: Glass Covered Shepherd's Crook
4419573;Recipe_Weapon_Melee_GolfClub;Plan: Golf Club
4147052;Recipe_Workshop_WallDecor_Signs_GreekLetters;Plan: Greek Letters Set
4629419;zzz_Recipe_Backpack_Material_Green;Plan: Green Backpack Material
4419574;Recipe_Weapon_Melee_GuitarSword;Plan: Guitar Sword
5301235;recipe_Headwear_HalloweenCostume02Hat_Skeleton;Plan: Halloween Skull Mask
5195652;Recipe_Weapon_Ranged_HandmadeGun;Plan: Handmade Gun
5441682;recipe_DLC04_mod_HandMadeGun_SCOPE_Longscope_NV_Base;Plan: Handmade Rifle Long NV Scope
5441683;recipe_DLC04_mod_HandMadeGun_SCOPE_MediumScope_NV_Base;Plan: Handmade Rifle Medium NV Scope
5439234;recipe_DLC04_mod_HandMadeGun_SCOPE_shortscope_NV_Base;Plan: Handmade Rifle Short NV Scope
4419606;recipe_Armor_Raider_Underarmor_Harness;Plan: Harness
4419602;Recipe_Weapon_Ranged_HarpoonGun;Plan: Harpoon Gun
5442095;recipe_DLC03_mod_HarpoonGun_Magazine_Flechette;Plan: Harpoon Gun Flechettes
2835130;recipe_mod_melee_Hatchet_ElectroFusion;Plan: Hatchet Electro Fusion
4425225;Recipe_Armor_Combat_Arms_Heavy;Plan: Heavy Combat Arms
4425226;Recipe_Armor_Combat_Legs_Heavy;Plan: Heavy Combat Legs
4425227;Recipe_Armor_Combat_Torso_Heavy;Plan: Heavy Combat Torso
4425222;Recipe_Armor_Leather_Arms_Heavy;Plan: Heavy Leather Arms
4425223;Recipe_Armor_Leather_Legs_Heavy;Plan: Heavy Leather Legs
4425224;Recipe_Armor_Leather_Torso_Heavy;Plan: Heavy Leather Torso
4425219;Recipe_Armor_Metal_Arms_Heavy;Plan: Heavy Metal Arms
4425220;Recipe_Armor_Metal_Legs_Heavy;Plan: Heavy Metal Legs
4425221;Recipe_Armor_Metal_Torso_Heavy;Plan: Heavy Metal Torso
4425216;Recipe_Armor_Raider_Arms_Heavy;Plan: Heavy Raider Arms
4425217;Recipe_Armor_Raider_Legs_Heavy;Plan: Heavy Raider Legs
4425218;Recipe_Armor_Raider_Torso_Heavy;Plan: Heavy Raider Torso
4425214;recipe_Armor_Robot_Heavy_Legs;Plan: Heavy Robot Legs
4425213;recipe_Armor_Robot_Heavy_Arms;Plan: Heavy Robot Right Arms
4425215;recipe_Armor_Robot_Heavy_Torso;Plan: Heavy Robot Torso
4582490;recipe_mod_melee_SheepsquatchClub_Heavy;Plan: Heavy Sheepsquatch Club Mod
4582484;recipe_mod_melee_SheepsquatchStaff_Heavy;Plan: Heavy Sheepsquatch Staff Mod
4023502;Recipe_Workshop_Benches_Metal_HighTechMetal;Plan: High-Tech Bench
5152697;Recipe_Workshop_Lights_HighTechLights;Plan: High-Tech Light Set
3963883;Recipe_Workshop_Tables_HighTechRoundTable01_Dirty;Plan: High-Tech Table
4582458;recipe_mod_melee_ShepherdsCrook_SheepSquatchHorn;Plan: Horned Shepherd's Crook
5130315;Recipe_Workshop_Bed_BedHospital;Plan: Hospital Bed
5249216;POST_recipe_mod_PowerArmor_Material_Paint_HotRod03_Flames;Plan: Hot Rod Flames Paint
5249215;POST_recipe_mod_PowerArmor_Material_Paint_HotRod02_Pink;Plan: Hot Rod Hot Pink Paint
5249214;POST_recipe_mod_PowerArmor_Material_Paint_HotRod01_Shark;Plan: Hot Rod Shark Paint
4419589;Recipe_Weapon_Ranged_HuntingRifle;Plan: Hunting Rifle
5436729;recipe_mod_HuntingRifle_Receiver_AmmoConv38;Plan: Hunting Rifle .38 Receiver
5436723;recipe_mod_HuntingRifle_Receiver_AmmoConv50;Plan: Hunting Rifle .50 Receiver
5436730;recipe_mod_HuntingRifle_Receiver_AmmoConv38-CritDMG;Plan: Hunting Rifle Critical .38 Receiver
5436724;recipe_mod_HuntingRifle_Receiver_AmmoConv50-CritDMG;Plan: Hunting Rifle Critical .50 Receiver
5430357;recipe_mod_HuntingRifle_Receiver_FastTrigger-AmmoConv38;Plan: Hunting Rifle Hasty .38 Receiver
5430358;recipe_mod_HuntingRifle_Receiver_FastTrigger-AmmoConv50;Plan: Hunting Rifle Hasty .50 Receiver
5430360;recipe_mod_HuntingRifle_SCOPE_LongScope_NV_Base;Plan: Hunting Rifle Long NV Scope
5430139;recipe_mod_HuntingRifle_SCOPE_MediumScope_NV_Base;Plan: Hunting Rifle Medium NV Scope
5436732;recipe_mod_HuntingRifle_Receiver_AmmoConv38-HipAccuracy;Plan: Hunting Rifle Precise .38 Receiver
5436726;recipe_mod_HuntingRifle_Receiver_AmmoConv50-HipAccuracy;Plan: Hunting Rifle Precise .50 Receiver
5436731;recipe_mod_HuntingRifle_Receiver_AmmoConv38-Damage;Plan: Hunting Rifle Refined .38 Receiver
5436725;recipe_mod_HuntingRifle_Receiver_AmmoConv50-Damage;Plan: Hunting Rifle Refined .50 Receiver
3271253;recipe_mod_HuntingRifle_Receiver_ScorchedKiller;Plan: Hunting Rifle Scorched Killer's Receiver
5430359;recipe_mod_HuntingRifle_SCOPE_ShortScope_NV_Base;Plan: Hunting Rifle Short NV Scope
5147005;Recipe_Workshop_Appliances_IceMachine;Plan: Ice Machine
5146995;Recipe_Workshop_Appliances_Jukebox;Plan: Jukebox
3803168;Recipe_Workshop_Chairs_Kitchen01;Plan: Kitchen Chairs
5147019;Recipe_Workshop_Appliances_Stove;Plan: Kitchen Stove
4419575;Recipe_Weapon_Melee_Knuckles;Plan: Knuckles
5143129;Recipe_Workshop_Power_Generator_Large;Plan: Large Generator
5147043;Recipe_Workshop_MiscStructures_Tent_Large;Plan: Large Tent
4023576;Recipe_Workshop_Container_ToolboxLarge;Plan: Large Toolbox
5145854;Recipe_Workshop_Water_WaterPurifierLarge;Plan: Large Water Purifier
4419592;Recipe_Weapon_Ranged_LaserGun;Plan: Laser Gun
5418690;recipe_mod_PlasmaGun_Barrel_Spin_Recoil-HipAccuracy;Plan: Laser Gun Aligned Automatic Barrel
5429839;recipe_mod_LaserGun_Barrel_Spinning_Recoil-HipAccuracy;Plan: Laser Gun Aligned Automatic Barrel
5430140;recipe_mod_LaserGun_SCOPE_longscope_NV_Base;Plan: Laser Gun Long NV Scope
5430141;recipe_mod_LaserGun_SCOPE_MediumScope_NV_Base;Plan: Laser Gun Medium NV Scope
5195629;Recipe_Weapon_Mod_Ranged_LaserGun_SCOPE_MediumScope_Base;Plan: Laser Gun Medium Scope
5429842;recipe_mod_LaserGun_Receiver_Burning-HipAccuracy;Plan: Laser Gun Refined Beta Wave Tuner
5429840;recipe_mod_LaserGun_Receiver_Burning-CritDMG;Plan: Laser Gun Severe Beta Wave Tuner
5430142;recipe_mod_LaserGun_SCOPE_shortscope_NV_Base;Plan: Laser Gun Short NV Scope
5429841;recipe_mod_LaserGun_Receiver_Burning-FastTrigger;Plan: Laser Gun Tuned Beta Wave Tuner
5195659;CUT_Recipe_Weapon_Ranged_LaserMusket;Plan: Laser Musket
5425839;CUT_recipe_mod_LaserMusket_Scope_ScopeLong_NV;Plan: Laser Musket Long NV Scope
5425840;CUT_recipe_mod_LaserMusket_Scope_ScopeMedium_NV;Plan: Laser Musket Medium NV Scope
5425841;CUT_recipe_mod_LaserMusket_Scope_ScopeShort_NV;Plan: Laser Musket Short NV Scope
5145903;Recipe_Workshop_FloorDecor_Misc_LawnFlamingos;Plan: Lawn Flamingoes
140540;recipe_mod_armor_Combat_Lining_Torso_ResistanceRadiation;Plan: Lead Lined Combat Armor Chest
197970;recipe_mod_armor_Leather_Lining_Torso_ResistanceRadiation;Plan: Lead Lined Leather Armor Chest
137396;recipe_DLC03_mod_armor_Marine_Lining_Torso_ResistanceRadiation;Plan: Lead Lined Marine Armor Chest
158238;recipe_mod_armor_Metal_Lining_Torso_ResistanceRadiation;Plan: Lead Lined Metal Armor Chest
194026;recipe_mod_armor_RaiderMod_Lining_Torso_ResistanceRadiation;Plan: Lead Lined Raider Armor Chest
157858;recipe_mod_armor_Trapper_Lining_Torso_ResistanceRadiation;Plan: Lead Lined Trapper Armor Chest
4419576;Recipe_Weapon_Melee_LeadPipe;Plan: Lead Pipe
5145869;Recipe_Workshop_WallDecor_Signs_LetterLabels;Plan: Letter Labels
5195650;Recipe_Weapon_Ranged_LeverGun;Plan: Lever Gun
3271252;recipe_DLC03_mod_LeverGun_SCOPE_Longscope_NV_Base;Plan: Lever Gun Long NV Scope
5442044;recipe_DLC03_mod_LeverGun_SCOPE_MediumScope_NV_Base;Plan: Lever Gun Medium NV Scope
5306490;recipe_mod_LeverGun_Receiver_ScorchedKiller;Plan: Lever Gun Scorched Killer's Receiver
5442045;recipe_DLC03_mod_LeverGun_SCOPE_shortscope_NV_Base;Plan: Lever Gun Short NV Scope
3803165;Recipe_Workshop_Lights_Lightboxes;Plan: Light Boxes
5199631;Recipe_Armor_Combat_Arms_Light;Plan: Light Combat Arms
5199632;Recipe_Armor_Combat_Legs_Light;Plan: Light Combat Legs
5199633;Recipe_Armor_Combat_Torso_Light;Plan: Light Combat Torso
5199629;Recipe_Armor_Metal_Arms_Light;Plan: Light Metal Arms
5199628;Recipe_Armor_Metal_Legs_Light;Plan: Light Metal Legs
5199625;Recipe_Armor_Metal_Torso_Light;Plan: Light Metal Torso
4419611;Recipe_Armor_Raider_Arms_Light;Plan: Light Raider Arms
4419612;Recipe_Armor_Raider_Legs_Light;Plan: Light Raider Legs
4419613;Recipe_Armor_Raider_Torso_Light;Plan: Light Raider Torso
5199634;Recipe_Armor_Robot_Arms_Light;Plan: Light Robot Arms
5199635;Recipe_Armor_Robot_Legs_Light;Plan: Light Robot Legs
5199636;Recipe_Armor_Robot_Torso_Light;Plan: Light Robot Torso
5145923;Recipe_Workshop_FloorDecor_Statues_Lions;Plan: Lion Statues
4023577;Recipe_Workshop_Container_Vault_Locker_01;Plan: Locker
4023584;Recipe_Workshop_Container_Prewar_Locker_01;Plan: Locker
4419607;recipe_Armor_Raider_Underarmor_LongJohns;Plan: Long Johns
5418906;zzzrecipe_mod_Enclave_PlasmaGun_SCOPE_Longscope_NV_Base;Plan: Long Night Vision Scope
4023518;Recipe_Workshop_Benches_Wood_ChurchPew_Long;Plan: Long Pew
4023524;Recipe_Workshop_Benches_Wood_Primitive_Long;Plan: Long Rustic Bench
3970268;Recipe_Workshop_Chairs_Chairs_Metal_Lounge;Plan: Lounge Chairs
5195660;Recipe_Weapon_Ranged_M79;Plan: M79 Grenade Launcher
2835116;recipe_mod_melee_Machete_Sacrificial;Plan: Machete Sacrificial Blade
4023552;Recipe_Workshop_Shelves_MagazineRackContainer02;Plan: Magazine Rack
5199637;Recipe_Armor_Marine_Arms;Plan: Marine Arms
5199638;Recipe_Armor_Marine_Legs;Plan: Marine Legs
4419610;recipe_Armor_Marine_Underarmor_Helmet;Plan: Marine Tactical Helmet
5199639;Recipe_Armor_Marine_Torso;Plan: Marine Torso
3224268;recipe_Armor_Marine_Underarmor_Wetsuit;Plan: Marine Wetsuit
3803163;Recipe_Workshop_Lights_MarqueeArrows;Plan: Marquee Arrows
5130317;Recipe_Workshop_Bed_BedMattress;Plan: Mattress
5583537;Recipe_Weapon_Thrown_MeatCleaver;Plan: Meat Cleaver
5156588;Recipe_Weapon_Melee_MeatHook;Plan: Meat Hook
5581014;Recipe_Weapon_Melee_MeatTenderizer;Plan: Meat Tenderizer
5586646;Recipe_Workshop_FloorDecor_Misc_MeatWeek_PoleFlag1;Plan: Meat Week Flag
5586647;Recipe_Workshop_FloorDecor_Misc_MeatWeek_PoleFlag2;Plan: Meat Week Flag
5586648;Recipe_Workshop_FloorDecor_Misc_MeatWeek_PoleFlag3;Plan: Meat Week Flag
5143127;Recipe_Workshop_Power_Generator_Medium;Plan: Medium Generator
5418907;zzzrecipe_mod_Enclave_PlasmaGun_SCOPE_MediumScope_NV_Base;Plan: Medium Night Vision Scope
5130322;Recipe_Workshop_Bed_BedMetal;Plan: Metal Bed
4023504;Recipe_Workshop_Benches_Metal_VaultMetal;Plan: Metal Bench
4023586;Recipe_Workshop_Container_MetalBox;Plan: Metal Box
5139702;Recipe_Workshop_Walls_Metal_Set;Plan: Metal Building Set
5130353;Recipe_Workshop_Doors_DoorsMetal_Diner;Plan: Metal Diner Doors
5130349;Recipe_Workshop_Doors_DoorsMetal_Industrial;Plan: Metal Industrial Doors
3963887;Recipe_Workshop_Tables_NpcTableVaultSit02;Plan: Metal Picnic Table
5130351;Recipe_Workshop_Doors_DoorsMetal_Security;Plan: Metal Security Doors
4023554;Recipe_Workshop_Shelves_Metal01;Plan: Metal Shelves
4023558;Recipe_Workshop_WallDecor_SignsMetal;Plan: Metal Signs
5139691;Recipe_Workshop_Chairs_Stools_Metal;Plan: Metal Stools
3963884;Recipe_Workshop_Tables_MetalTables;Plan: Metal Tables
5195661;Recipe_Weapon_Ranged_MG42;Plan: MG42 Light Machine Gun
5130324;Recipe_Workshop_Bed_BedMilitaryCot;Plan: Military Cot
5147007;Recipe_Workshop_Appliances_MilkMachine;Plan: Milk Machine
4419604;Recipe_Weapon_Ranged_MiniGun_MQ;Plan: Minigun
5425842;recipe_mod_Minigun_BarrelMinigun_TriBarrel;Plan: Minigun Tri Barrel
3963904;Recipe_Workshop_Lights_MirrorBall01;Plan: Mirror Ball
5145837;Recipe_Tinkers_GrenadeFragMIRV;Plan: MIRV Frag Grenade
5195662;Recipe_Weapon_Ranged_MissileLauncher_MQ;Plan: Missile Launcher
5424173;recipe_mod_MissileLauncher_Scope_ScopeLong_NV;Plan: Missile Launcher NV Scope
5424175;recipe_mod_MissileLauncher_TubeBarrel_Quad;Plan: Missile Launcher Quad Barrel
5424174;recipe_mod_MissileLauncher_Scope_TargetingBox;Plan: Missile Launcher Targeting Computer
5424176;recipe_mod_MissileLauncher_TubeBarrel_Triple;Plan: Missile Launcher Triple Barrel
3970282;Recipe_Workshop_Chairs_Chairs_Padded_Modern;Plan: Modern Cloth Chairs
4023565;Recipe_Workshop_Couches_Modern;Plan: Modern Couches
3963885;Recipe_Workshop_Tables_ModernDomestic_Ruin_Kitchen;Plan: Modern Kitchen Tables
5152709;Recipe_Workshop_WallDecor_WallPaintings_Modern;Plan: Modern Paintings
3963892;Recipe_Workshop_Tables_PlayerHouse_Ruin_LivingRoom;Plan: Modern Tables
5146997;Recipe_Workshop_Appliances_HighTechTV_Dirty;Plan: Modern TV
4419577;Recipe_Weapon_Melee_MoleMinerGauntlet;Plan: Mole Miner Gauntlet
4413526;Recipe_Workshop_WallDecor_Taxidermy_MountedAntlers;Plan: Mounted Antlers
4413535;Recipe_Workshop_WallDecor_76Taxidermy_RadBeaver;Plan: Mounted Beaver
5152751;Recipe_Workshop_WallDecor_Taxidermy_Bloatfly;Plan: Mounted Bloatfly Head
5152729;Recipe_Workshop_WallDecor_Taxidermy_Bloodbug;Plan: Mounted Bloodbug
5152753;Recipe_Workshop_WallDecor_Taxidermy_Brahmin;Plan: Mounted Brahmin Heads
5152745;Recipe_Workshop_WallDecor_Taxidermy_Cat;Plan: Mounted Cat Head
5152763;Recipe_Workshop_WallDecor_Taxidermy_Deathclaw;Plan: Mounted Deathclaw Head
4413527;Recipe_Workshop_WallDecor_Taxidermy_MountedDeerHead;Plan: Mounted Deer Head
5152724;Recipe_Workshop_WallDecor_Taxidermy_Dog;Plan: Mounted Dog Head
5152755;Recipe_Workshop_WallDecor_Taxidermy_FeralGhoul;Plan: Mounted Feral Ghoul Head
4413528;Recipe_Workshop_WallDecor_76Taxidermy_FireflyOn;Plan: Mounted Firefly
4413529;Recipe_Workshop_WallDecor_76Taxidermy_Fox;Plan: Mounted Fox
4413536;Recipe_Workshop_WallDecor_76Taxidermy_RadFrogBlue;Plan: Mounted Frog
5152759;Recipe_Workshop_WallDecor_Taxidermy_FeralGlowingOne;Plan: Mounted Glowing One Head
4251459;Recipe_Workshop_WallDecor_76Taxidermy_Gorilla;Plan: Mounted Gorilla Head
4413530;Recipe_Workshop_WallDecor_76Taxidermy_HoneyBeast;Plan: Mounted Honey Beast
4413531;Recipe_Workshop_WallDecor_76Taxidermy_Megasloth;Plan: Mounted Mega Sloth
5152765;Recipe_Workshop_WallDecor_Taxidermy_Mirelurk;Plan: Mounted Mirelurk Claw
5152761;Recipe_Workshop_WallDecor_Taxidermy_MirelurkHunter;Plan: Mounted Mirelurk Hunter Head
5152731;Recipe_Workshop_WallDecor_Taxidermy_MirelurkKing;Plan: Mounted Mirelurk King Head
5152733;Recipe_Workshop_WallDecor_Taxidermy_MirelurkQueen;Plan: Mounted Mirelurk Queen Claw
5152747;Recipe_Workshop_WallDecor_Taxidermy_Molerat;Plan: Mounted Molerat Head
5152735;Recipe_Workshop_WallDecor_Taxidermy_Raddog;Plan: Mounted Mongrel Head
4413532;Recipe_Workshop_WallDecor_76Taxidermy_Mothman;Plan: Mounted Mothman
5152757;Recipe_Workshop_WallDecor_Taxidermy_FEVHound;Plan: Mounted Mutant Hound Head
4413533;Recipe_Workshop_WallDecor_76Taxidermy_Opossum;Plan: Mounted Opossum
4413534;P01B_Mini_Random03_Recipe_Workshop_WallDecor_76Taxidermy_Owlet;Plan: Mounted Owlet
5152737;Recipe_Workshop_WallDecor_Taxidermy_Radroach;Plan: Mounted Radroach
5152739;Recipe_Workshop_WallDecor_Taxidermy_Radscorpion;Plan: Mounted Radscorpion
5152749;Recipe_Workshop_WallDecor_Taxidermy_Radstag;Plan: Mounted Radstag Head
4413538;Recipe_Workshop_WallDecor_76Taxidermy_RadToad;Plan: Mounted Radtoad
4413539;Recipe_Workshop_WallDecor_76Taxidermy_ScorchedBeast;Plan: Mounted Scorchbeast
4413540;Recipe_Workshop_WallDecor_76Taxidermy_ScorchedBeastQueen;Plan: Mounted Scorchbeast Queen
4413541;Recipe_Workshop_WallDecor_76Taxidermy_Snallygaster;Plan: Mounted Snallygaster
4413537;Recipe_Workshop_WallDecor_76Taxidermy_RadSquirrel;Plan: Mounted Squirrel
5152741;Recipe_Workshop_WallDecor_Taxidermy_Stingwing;Plan: Mounted Stingwing
4413542;Recipe_Workshop_WallDecor_Taxidermy_Tick;Plan: Mounted Tick
4413543;P01B_Mini_Random01_Recipe_Workshop_WallDecor_76Taxidermy_Wendigo;Plan: Mounted Wendigo
4152480;P01B_Lying_01_Recipe_Workshop_WallDecor_Taxidermy_Wolf;Plan: Mounted Wolf Head
5152743;P01B_Mini_Random02_Recipe_Workshop_WallDecor_Taxidermy_YaoGuai;Plan: Mounted Yao Guai Head
5194469;Recipe_Weapon_Melee_MrHandyBuzzBlade;Plan: Mr. Handy Buzz Blade
4023583;Recipe_Workshop_Container_Prewar_NewsStand;Plan: News Stand
3963908;Recipe_Workshop_Lights_TableLamps_NixieTubeLight;Plan: Nixie Lamp
5145835;POST_Recipe_Tinkers_GrenadeNukaCherry;Plan: Nuka Cherry Grenade
5145838;Recipe_Tinkers_GrenadeNukaQuantum;Plan: Nuka Quantum Grenade
4023539;Recipe_Workshop_WallDecor_WallClocks_NukaCola;Plan: Nuka-Cola Clock
5145839;Recipe_Tinkers_GrenadeNuka;Plan: Nuka-Cola Grenade
5147009;Recipe_Workshop_Appliances_NukaColaMachine;Plan: Nuka-Cola Machine
5145840;Recipe_Tinkers_MineNuke;Plan: Nuke Mine
3970270;Recipe_Workshop_Chairs_Chairs_Metal_Office;Plan: Office Chairs
4023567;Recipe_Workshop_Couches_Office;Plan: Office Couches
3963888;Recipe_Workshop_Tables_OfficeDesk01;Plan: Office Desk
4156250;Recipe_Workshop_FloorDecor_Statues_Fasnacht_OldManWinter;Plan: Old Man Winter Effigy
5130319;Recipe_Workshop_Doors_DoorsWood_Painted;Plan: Painted Wooden Doors
4023522;Recipe_Workshop_Benches_Wood_Park;Plan: Park Bench
5147011;Recipe_Workshop_Appliances_Grill01;Plan: Park Grill
3963889;Recipe_Workshop_Tables_TablePatio01;Plan: Patio Table
5581016;recipe_mod_melee_MeatTenderizer_Peppered;Plan: Peppered Tenderizer Mod
4023602;Recipe_Workshop_Instruments_Pianos;Plan: Pianos
5158720;Recipe_Weapon_Melee_PickAxe;Plan: Pickaxe
4152984;P01B_Mini_Random04_Recipe_Workshop_FloorDecor_Rugs_PicnicBlanket;Plan: Picnic Blanket
3963890;Recipe_Workshop_Tables_NpcTablePicnicSit01;Plan: Picnic Table
4629420;zzz_Recipe_Backpack_Material_Pink;Plan: Pink Backpack Material
4179939;P01C_Tadpole_Recipe_Workshop_FloorDecor_Misc_PioneerScout_Possum;Plan: Pioneer Scout Banner: Possum
4179938;P01C_Tadpole_Recipe_Workshop_FloorDecor_Misc_PioneerScout_Squirrel;Plan: Pioneer Scout Banner: Squirrel
4179937;P01C_Tadpole_Recipe_Workshop_FloorDecor_Misc_PioneerScout_Tadpole;Plan: Pioneer Scout Banner: Tadpole
4176797;recipe_mod_BowieKnife_Material_Paint_Scout;Plan: Pioneer Scout Bowie Knife Paint
4179940;P01C_Tadpole_Recipe_Workshop_WallDecor_Posters_PioneerScout_Plants;Plan: Pioneer Scout Plant Poster
4361156;P01C_Tadpole_Recipe_Backpack_Standard_Material_Scout_Possum;Plan: Pioneer Scout Possum Backpack
4384552;P01C_Tadpole_Recipe_Workshop_WallDecor_Posters_PioneerScout;Plan: Pioneer Scout Poster
4343590;P01C_Tadpole_Recipe_Workshop_Bed_PioneerScout_SleepingBag;Plan: Pioneer Scout Sleeping Bag
4343592;P01C_Recipe_Workshop_Container_PioneerScout_StashBox;Plan: Pioneer Scout Stash Box
4629357;P01C_Tadpole_Recipe_Backpack_Standard_Material_Scout_Tadpole;Plan: Pioneer Scout Tadpole Backpack
5424151;recipe_mod_PipeBoltAction_Receiver_AmmoConv38;Plan: Pipe Bolt-Action .38 Receiver
5424152;recipe_mod_PipeBoltAction_Receiver_AmmoConv38-CritDMG;Plan: Pipe Bolt-Action Critical .38 Receiver
5423845;recipe_mod_PipeBoltAction_Receiver_fasttrigger-AmmoConversion;Plan: Pipe Bolt-Action Hasty .38 Receiver
5423846;recipe_mod_PipeBoltAction_SCOPE_longscope_NV_Base;Plan: Pipe Bolt-Action Long Night Vision Scope
5423847;recipe_mod_PipeBoltAction_SCOPE_mediumscope_NV_Base;Plan: Pipe Bolt-Action Medium Night Vision Scope
5424154;recipe_mod_PipeBoltAction_Receiver_AmmoConv38-HipAccuracy;Plan: Pipe Bolt-Action Precise .38 Receiver
5424153;recipe_mod_PipeBoltAction_Receiver_AmmoConv38-Damage;Plan: Pipe Bolt-Action Refined .38 Receiver
5423848;recipe_mod_PipeBoltAction_SCOPE_shortscope_NV_Base;Plan: Pipe Bolt-Action Short Night Vision Scope
5423800;recipe_mod_PipeGun_Receiver_AmmoConv45;Plan: Pipe Gun .45 Receiver
5195630;Recipe_Weapon_Mod_Ranged_PipeGun_receiver_automatic_base;Plan: Pipe Gun Automatic Mod
5423801;recipe_mod_PipeGun_Receiver_AmmoConv45-CritDMG;Plan: Pipe Gun Critical .45 Receiver
5422059;recipe_mod_PipeGun_Receiver_FastTrigger-AmmoConversion;Plan: Pipe Gun Hasty .45 Receiver
5422060;recipe_mod_PipeGun_SCOPE_longscope_NV_Base;Plan: Pipe Gun Long Night Vision Scope
5422061;recipe_mod_PipeGun_SCOPE_mediumscope_NV_Base;Plan: Pipe Gun Medium Night Vision Scope
5423802;recipe_mod_PipeGun_Receiver_AmmoConv45-Damage;Plan: Pipe Gun Refined .45 Receiver
5422053;recipe_mod_PipeGun_SCOPE_shortscope_NV_Base;Plan: Pipe Gun Short Night Vision Scope
5422054;recipe_mod_PipeRevolver_Receiver_AmmoConv38;Plan: Pipe Revolver .38 Receiver
5422055;recipe_mod_PipeRevolver_Receiver_AmmoConv38-CritDMG;Plan: Pipe Revolver Critical .38 Receiver
5421795;recipe_mod_PipeRevolver_Receiver_FastTrigger-AmmoConversion;Plan: Pipe Revolver Hasty .38 Receiver
5421796;recipe_mod_PipeRevolver_SCOPE_longscope_NV_Base;Plan: Pipe Revolver Long NV Scope
5421797;recipe_mod_PipeRevolver_SCOPE_mediumscope_NV_Base;Plan: Pipe Revolver Medium NV Scope
5421794;recipe_mod_PipeRevolver_Receiver_AmmoConv38-HipAccuracy;Plan: Pipe Revolver Precise .38 Receiver
5422056;recipe_mod_PipeRevolver_Receiver_AmmoConv38-Damage;Plan: Pipe Revolver Refined .38 Receiver
4419578;Recipe_Weapon_Melee_PipeWrench;Plan: Pipe Wrench
4419579;Recipe_Weapon_Melee_Pitchfork;Plan: Pitchfork
2835117;recipe_mod_melee_Pitchfork_Flamer;Plan: Pitchfork Flamer
5145842;Recipe_Tinkers_GrenadePlasma;Plan: Plasma Grenade
4419594;Recipe_Weapon_Ranged_PlasmaGun;Plan: Plasma Gun
5417100;recipe_mod_PlasmaGun_Receiver_Burning-CritDMG;Plan: Plasma Gun Calibrated Beta Wave Tuner
5442046;recipe_mod_PlasmaGun_SCOPE_Longscope_NV_Base;Plan: Plasma Gun Long NV Scope
5442047;recipe_mod_PlasmaGun_SCOPE_MediumScope_NV_Base;Plan: Plasma Gun Medium NV Scope
5417101;recipe_mod_PlasmaGun_Receiver_Burning-HipAccuracy;Plan: Plasma Gun Refined Beta Wave Tuner
5441940;recipe_mod_PlasmaGun_SCOPE_shortscope_NV_Base;Plan: Plasma Gun Short NV Scope
5418689;recipe_mod_PlasmaGun_Barrel_Shotgun_Recoil;Plan: Plasma Gun Stabilized Splitter
5418687;recipe_mod_PlasmaGun_Barrel_Flamer_Recoil;Plan: Plasma Gun Stablilized Flamer Barrel
5418909;recipe_mod_PlasmaGun_Barrel_Flamer_HipAccuracy;Plan: Plasma Gun True Flamer Barrel
5418688;recipe_mod_PlasmaGun_Barrel_Shotgun_HipAccuracy;Plan: Plasma Gun True Splitter
5145841;Recipe_Tinkers_MinePlasma;Plan: Plasma Mine
143001;recipe_mod_armor_Combat_Lining_Torso_ImprovedCarryCapacity;Plan: Pocketed Combat Armor Chest
157833;recipe_mod_armor_Combat_Lining_Limb_ImprovedCarryCapacity;Plan: Pocketed Combat Armor Limbs
217958;recipe_mod_armor_Leather_Lining_Torso_ImprovedCarryCapacity;Plan: Pocketed Leather Armor Chest
218219;recipe_mod_armor_Leather_Lining_Limb_ImprovedCarryCapacity;Plan: Pocketed Leather Armor Limbs
137414;recipe_DLC03_mod_armor_Marine_Lining_Torso_ImprovedCarryCapacity2;Plan: Pocketed Marine Armor Chest
178549;recipe_mod_armor_Metal_Lining_Torso_ImprovedCarryCapacity;Plan: Pocketed Metal Armor Chest
190678;recipe_mod_armor_Metal_Lining_Limb_ImprovedCarryCapacity;Plan: Pocketed Metal Armor Limbs
195690;recipe_mod_armor_RaiderMod_Lining_Torso_ImprovedCarryCapacity;Plan: Pocketed Raider Armor Chest
197972;recipe_mod_armor_RaiderMod_Lining_Limb_ImprovedCarryCapacity;Plan: Pocketed Raider Armor Limbs
158144;recipe_mod_armor_Robot_Lining_Torso_ImprovedCarryCapacity;Plan: Pocketed Robot Armor Chest
158143;recipe_mod_armor_Robot_Lining_Limb_ImprovedCarryCapacity;Plan: Pocketed Robot Armor Limbs
157926;recipe_mod_armor_Trapper_Lining_Torso_ImprovedCarryCapacity;Plan: Pocketed Trapper Armor Chest
158019;recipe_mod_armor_Trapper_Lining_Limb_ImprovedCarryCapacity;Plan: Pocketed Trapper Armor Limbs
4582491;recipe_mod_melee_SheepsquatchClub_Poison;Plan: Poisoned Sheepsquatch Club Mod
4582485;recipe_mod_melee_SheepsquatchStaff_Poison;Plan: Poisoned Sheepsquatch Staff Mod
4419572;Recipe_Weapon_Melee_PoleHook;Plan: Pole Hook
4419588;Recipe_Weapon_Melee_PoolCue;Plan: Pool Cue
3963893;Recipe_Workshop_Tables_PoolTable01;Plan: Pool Table
5147045;Recipe_Workshop_MiscStructures_PortaPotty;Plan: Portable Toilet
4281699;Recipe_Workshop_WallDecor_Posters_Bucketlist_Postcards;Plan: Postcard Collage Poster
5145901;Recipe_Workshop_FloorDecor_Misc_PottedPlants;Plan: Potted Plants
5130367;Recipe_Workshop_Crafting_CraftingPowerArmor;Plan: Power Armor Stations
5194466;Recipe_Weapon_Melee_Powerfist;Plan: Power Fist
5145863;Recipe_Workshop_Walls_PoweredGates;Plan: Powered Gates
2835118;recipe_mod_melee_Powerfist_Heated;Plan: Powerfist Heating Coil
4572306;Recipe_Weapon_Melee_P01E_HeartBouquet;Plan: Pretty Floral Bouquet
4655662;recipe_mod_44_receiver_AntiScorchBeast;Plan: Prime .44 Receiver
4655660;recipe_mod_10mm_receiver_SemiAuto_AntiScorchBeast;Plan: Prime 10mm Receiver
4655661;recipe_mod_10mmsmg_receiver_AntiScorchBeast;Plan: Prime 10mm SMG Receiver
4655663;recipe_mod_50CalMachineGun_Receiver_AntiScorchBeast;Plan: Prime 50 Cal Machine Gun Receiver
4655665;recipe_mod_assaultrifle_receiver_SemiAuto_AntiScorchBeast;Plan: Prime Assault Rifle Receiver
4655659;recipe_mod_10mm_receiver_Auto_AntiScorchBeast;Plan: Prime Automatic 10mm Receiver
4655664;recipe_mod_assaultrifle_receiver_Auto_AntiScorchBeast;Plan: Prime Automatic Assault Rifle Receiver
4655666;recipe_mod_CombatRifle_Receiver_Auto_AntiScorchBeast;Plan: Prime Automatic Combat  Rifle Receiver
4655678;recipe_mod_HandMadeGun_receiver_Auto_AntiScorchBeast;Plan: Prime Automatic Handmade Rifle Receiver
4655686;recipe_mod_PipeGun_receiver_Auto_AntiScorchBeast;Plan: Prime Automatic Pipe Gun Receiver
4655691;recipe_mod_RadiumRifle_receiver_Auto_AntiScorchBeast;Plan: Prime Automatic Radium Rifle Receiver
4655667;recipe_mod_CombatRifle_Receiver_SemiAuto_AntiScorchBeast;Plan: Prime Combat  Rifle Receiver
4655668;recipe_mod_CombatShotgun_Receiver_AntiScorchBeast;Plan: Prime Combat Shotgun Receiver
4655669;recipe_mod_Crossbow_receiver_AntiScorchBeast;Plan: Prime Crossbow Receiver
4655671;recipe_mod_DoubleBarrelShotgun_receiver_AntiScorchBeast;Plan: Prime Double-Barrel Shotgun Receiver
4655672;recipe_mod_Enclave_PlasmaGun_receiver_AntiScorchBeast;Plan: Prime Enclave Plasma Gun Receiver
4655673;recipe_mod_GatlingGun_receiver_AntiScorchBeast;Plan: Prime Gatling Gun Receiver
4655674;recipe_mod_GatlingLaser_receiver_AntiScorchBeast;Plan: Prime Gatling Laser Receiver
4655675;recipe_mod_GatlingPlasma_Receiver_AntiScorchBeast;Plan: Prime Gatling Plasma Receiver
4655676;recipe_mod_GaussRifle_Magazine_AntiScorchBeast;Plan: Prime Gauss Rifle Capacitors
4655677;recipe_mod_HandMadeGun_receiver_AntiScorchBeast;Plan: Prime Handmade Rifle Receiver
4655679;recipe_mod_HuntingRifle_receiver_AntiScorchBeast;Plan: Prime Hunting Rifle Receiver
4655680;recipe_mod_LaserGun_receiver_AntiScorchBeast;Plan: Prime Laser Gun Receiver
4655681;recipe_mod_LeverGun_Receiver_AntiScorchBeast;Plan: Prime Lever Gun Receiver
4655682;recipe_mod_MG42_receiver_AntiScorchBeast;Plan: Prime Light Machine Gun Receiver
4655683;recipe_mod_Minigun_Barrel_AntiScorchBeast;Plan: Prime Minigun Barrel
4655684;recipe_mod_PipeBoltAction_Receiver_AntiScorchBeast;Plan: Prime Pipe Bolt-Action Receiver
4655685;recipe_mod_PipeGun_receiver_AntiScorchBeast;Plan: Prime Pipe Gun Receiver
4655687;recipe_mod_PipeRevolver_Receiver_AntiScorchBeast;Plan: Prime Pipe Revolver Receiver
4655688;recipe_mod_PlasmaGun_receiver_AntiScorchBeast;Plan: Prime Plasma Gun Capacitor
4655689;recipe_mod_PumpActionShotgun_receiver_AntiScorchBeast;Plan: Prime Pump Action Shotgun Receiver
4655690;recipe_mod_RadiumRifle_receiver_AntiScorchBeast;Plan: Prime Radium Rifle Receiver
4655692;recipe_mod_RailwayRifle_receiver_AntiScorchBeast;Plan: Prime Railway Rifle Receiver
4655693;recipe_mod_SingleActionRevolver_Receiver_AntiScorchBeast;Plan: Prime Single Action Revolver Receiver
4655694;recipe_mod_SubMachineGun_receiver_AntiScorchBeast;Plan: Prime Submachine Gun Receiver
4655695;recipe_mod_Ultracite_GatlingLaser_receiver_AntiScorchBeast;Plan: Prime Ultracite Gatling Laser Receiver
4655696;recipe_mod_UltraciteLaserGun_receiver_AntiScorchBeast;Plan: Prime Ultracite Laser Gun Receiver
4655670;recipe_mod_DLC04_Revolver_receiver_AntiScorchBeast;Plan: Prime Western Revolver Receiver
4133394;Recipe_Mod_Camera_SnapMatic_Lens_105mm;Plan: ProSnap Deluxe 105mm Lens
4133395;Recipe_Mod_Camera_SnapMatic_Lens_200mm;Plan: ProSnap Deluxe 200mm Lens
4133396;P01C_Tadpole_Recipe_Mod_Camera_SnapMatic_Lens_NightVision;Plan: ProSnap Deluxe Night-Vision Lens
4133397;Recipe_Mod_Camera_SnapMatic_Lens_Targeting;Plan: ProSnap Deluxe Targeting Lens
4023622;recipe_mod_armor_UnderArmor_BOS_Mk4;Plan: Protective Lining BoS Underarmor
4023624;recipe_mod_armor_UnderArmor_Casual_Mk4;Plan: Protective Lining Casual Underarmor
4023626;recipe_mod_armor_UnderArmor_Marine_Mk4;Plan: Protective Lining Marine Underarmor
4030365;recipe_mod_armor_UnderArmor_Enclave_Mk4;Plan: Protective Lining Operative Underarmor
4023628;recipe_mod_armor_UnderArmor_Raider_Mk4;Plan: Protective Lining Raider Underarmor
5145844;Recipe_Tinkers_GrenadePulse;Plan: Pulse Grenade
5145843;Recipe_Tinkers_MinePulse;Plan: Pulse Mine
5195625;Recipe_Weapon_Ranged_PumpActionShotgun;Plan: Pump-Action Shotgun
2835129;recipe_DLC03_mod_melee_polehook_Multihook;Plan: Puncturing Pole Hook
4410822;Recipe_Workshop_Trap_Radiation;Plan: Radiation Emitter
5195651;Recipe_Weapon_Ranged_RadiumRifle;Plan: Radium Rifle
5417102;recipe_mod_RadiumRifle_SCOPE_Longscope_NV_Base;Plan: Radium Rifle Long NV Scope
5417103;recipe_mod_RadiumRifle_SCOPE_MediumScope_NV_Base;Plan: Radium Rifle Medium NV Scope
5417024;recipe_mod_RadiumRifle_SCOPE_shortscope_NV_Base;Plan: Radium Rifle Short NV Scope
5249235;recipe_mod_PowerArmor_Raider_Torso_Misc_Cleanser;Plan: Raider Blood Cleanser
5249230;recipe_mod_PowerArmor_Raider_Leg_Misc_Carry;Plan: Raider Calibrated Shocks
5249234;recipe_mod_PowerArmor_Raider_Torso_Misc_BatRegen;Plan: Raider Core Assembly
5249237;recipe_mod_PowerArmor_Raider_Torso_Misc_Emergency;Plan: Raider Emergency Protocols
5249231;recipe_mod_PowerArmor_Raider_Leg_Misc_ExplVent;Plan: Raider Explosive Vent
5249220;POST_recipe_mod_PowerArmor_Raider_Helmet_Headlamp;Plan: Raider Headlamp
5249221;POST_recipe_mod_PowerArmor_Raider_Helmet_Headlamp_Blue;Plan: Raider Headlamp Blue
5249222;POST_recipe_mod_PowerArmor_Raider_Helmet_Headlamp_Bright;Plan: Raider Headlamp Bright
5249223;POST_recipe_mod_PowerArmor_Raider_Helmet_Headlamp_Purple;Plan: Raider Headlamp Purple
5249224;POST_recipe_mod_PowerArmor_Raider_Helmet_Headlamp_RedTactical;Plan: Raider Headlamp Red Tactical
5249225;POST_recipe_mod_PowerArmor_Raider_Helmet_Headlamp_VaultBoy;Plan: Raider Headlamp Vault Boy
5249219;recipe_mod_PowerArmor_Raider_Arm_Misc_Unarmed;Plan: Raider Hydraulic Bracers
5249227;recipe_mod_PowerArmor_Raider_Helmet_Misc_Int;Plan: Raider Internal Database
5249238;recipe_mod_PowerArmor_Raider_Torso_Misc_Kinetic;Plan: Raider Kinetic Dynamo
5249229;recipe_mod_PowerArmor_Raider_Leg_Misc_APRegen;Plan: Raider Kinetic Servos
4419608;recipe_Armor_Raider_Underarmor_RaiderLeathers;Plan: Raider Leathers
5249239;recipe_mod_PowerArmor_Raider_Torso_Misc_MedicPump;Plan: Raider Medic Pump
5249241;recipe_mod_PowerArmor_Raider_Torso_Misc_Str;Plan: Raider Motion-Assist Servos
5249218;recipe_mod_PowerArmor_Raider_Arm_Misc_Optimized;Plan: Raider Optimized Bracers
5249232;recipe_mod_PowerArmor_Raider_Leg_Misc_OptimizedServos;Plan: Raider Optimized Servos
5249233;recipe_mod_PowerArmor_Raider_Leg_Misc_SprintBoost;Plan: Raider Overdrive Servos
5249168;recipe_Armor_PowerArmor_Raider_Torso;Plan: Raider Power Chest Piece
5249165;recipe_Armor_PowerArmor_Raider_Helmet;Plan: Raider Power Helm
5249163;recipe_Armor_PowerArmor_Raider_ArmLeft;Plan: Raider Power Left Arm
5249166;recipe_Armor_PowerArmor_Raider_LegLeft;Plan: Raider Power Left Leg
5249164;recipe_Armor_PowerArmor_Raider_ArmRight;Plan: Raider Power Right Arm
5249167;recipe_Armor_PowerArmor_Raider_LegRight;Plan: Raider Power Right Leg
5249240;recipe_mod_PowerArmor_Raider_Torso_Misc_Reactive;Plan: Raider Reactive Plates
5249217;recipe_mod_PowerArmor_Raider_Arm_Misc_Bleed;Plan: Raider Rusty Knuckles
5249228;recipe_mod_PowerArmor_Raider_Helmet_Misc_Sensor;Plan: Raider Sensor Array
5249226;recipe_mod_PowerArmor_Raider_Helmet_Misc_DetectLife;Plan: Raider Targeting HUD
5249242;recipe_mod_PowerArmor_Raider_Torso_Misc_Tesla;Plan: Raider Tesla Coils
5249236;recipe_mod_PowerArmor_Raider_Torso_Misc_DMGShield;Plan: Raider Welded Rebar
5417025;recipe_mod_RailwayRifle_Receiver_Automatic1;Plan: Railway Automatic Piston Receiver
4419603;Recipe_Weapon_Ranged_RailwayRifle;Plan: Railway Rifle
5417026;recipe_mod_RailwayRifle_Scope_ScopeLong_NV;Plan: Railway Rifle Long NV Scope
5417027;recipe_mod_RailwayRifle_Scope_ScopeMedium_NV;Plan: Railway Rifle Medium NV Scope
5416600;recipe_mod_RailwayRifle_Scope_ScopeShort_NV;Plan: Railway Rifle Short NV Scope
4629421;zzz_Recipe_Backpack_Material_Red;Plan: Red Backpack Material
5194465;Recipe_Weapon_Melee_GrognaksAxe;Plan: Replica Grognak's Axe
4030360;recipe_mod_armor_UnderArmor_BOS_Mk3;Plan: Resistant Lining BoS Underarmor
4030362;recipe_mod_armor_UnderArmor_Casual_Mk3;Plan: Resistant Lining Casual Underarmor
4030369;recipe_mod_armor_UnderArmor_Marine_Mk3;Plan: Resistant Lining Marine Underarmor
4030364;recipe_mod_armor_UnderArmor_Enclave_Mk3;Plan: Resistant Lining Operative Underarmor
4030371;recipe_mod_armor_UnderArmor_Raider_Mk3;Plan: Resistant Lining Raider Underarmor
4023528;Recipe_Workshop_Benches_Wood_Whitesprings;Plan: Resort Bench
3970272;Recipe_Workshop_Chairs_Chairs_Metal_Whitespring;Plan: Resort Chairs
3970284;Recipe_Workshop_Chairs_Chairs_Padded_Whitespring;Plan: Resort Cloth Chairs
4023563;Recipe_Workshop_Couches_Whitespring;Plan: Resort Couches
5145892;Recipe_Workshop_Lights_Whitespring_Lamps;Plan: Resort Lamps
5145867;Recipe_Workshop_WallDecor_Whitespring_Mirror;Plan: Resort Mirror
3970289;Recipe_Workshop_WallDecor_WallPaintings_Whitespring;Plan: Resort Paintings
5145886;Recipe_Workshop_FloorDecor_Whitespring_Planters;Plan: Resort Planters
4023556;Recipe_Workshop_WallDecor_SignsMetal_Whitespring;Plan: Resort Sign
5145884;Recipe_Workshop_Tables_Whitespring_Tables;Plan: Resort Tables
5145888;Recipe_Workshop_Containers_Whitespring_Trashcan;Plan: Resort Trashcan
5145894;Recipe_Workshop_FloorDecor_Whitespring_Vases;Plan: Resort Vases
5158721;Recipe_Weapon_Melee_RevolutionarySword;Plan: Revolutionary War Sword
5195653;Recipe_Weapon_Ranged_Revolver;Plan: Revolver
5194467;Recipe_Weapon_Melee_Ripper;Plan: Ripper
2835029;recipe_mod_melee_Ripper_BladesLarge;Plan: Ripper Extended Blade
4419609;recipe_Armor_Raider_Underarmor_RoadLeathers;Plan: Road Leathers
4419580;Recipe_Weapon_Melee_RollingPin;Plan: Rolling Pin
5145913;Recipe_Workshop_FloorDecor_Rugs_Rug01;Plan: Rug
5145915;Recipe_Workshop_FloorDecor_Rugs_Rugs02;Plan: Rug Set 2
3963894;Recipe_Workshop_Tables_Primitive_LivingRoom;Plan: Rustic Tables
4023585;Recipe_Workshop_Container_Prewar_Safe;Plan: Safe
4023560;Recipe_Workshop_WallDecor_Posters_VaultSafety;Plan: Safety Posters
5581017;recipe_mod_melee_MeatTenderizer_Salted;Plan: Salty Tenderizer Mod
5311352;BoSR02_Recipe_ScanningModule;Plan: Scanning Module
5145925;Recipe_Workshop_FloorDecor_Statues_Scarecrows;Plan: Scarecrows
5152717;Recipe_Workshop_Resources_ScavengingStation;Plan: Scavenging Station
157860;recipe_mod_armor_Combat_Arm_Material_Shadowed;Plan: Shadowed Combat Armor Arms
137487;recipe_mod_armor_Combat_Torso_Material_Shadowed;Plan: Shadowed Combat Armor Chest
157832;recipe_mod_armor_Combat_Leg_Material_Shadowed;Plan: Shadowed Combat Armor Legs
218768;recipe_mod_armor_Leather_Arm_Material_Shadowed;Plan: Shadowed Leather Armor Arm
197971;recipe_mod_armor_Leather_Torso_Material_Shadowed;Plan: Shadowed Leather Armor Chest
218769;recipe_mod_armor_Leather_Leg_Material_Shadowed;Plan: Shadowed Leather Armor Legs
194027;recipe_mod_armor_Metal_Arm_Material_Shadowed;Plan: Shadowed Metal Armor Arms
158239;recipe_mod_armor_Metal_Torso_Material_Shadowed;Plan: Shadowed Metal Armor Chest
194028;recipe_mod_armor_Metal_Leg_Material_Shadowed;Plan: Shadowed Metal Armor Legs
137397;recipe_mod_armor_Robot_Arm_Material_Shadowed;Plan: Shadowed Robot Armor Arms
114482;recipe_mod_armor_Robot_Torso_Material_Shadowed;Plan: Shadowed Robot Armor Chest
114504;recipe_mod_armor_Robot_Leg_Material_Shadowed;Plan: Shadowed Robot Armor Legs
4582493;Recipe_Weapon_Melee_SheepsquatchClub;Plan: Sheepsquatch Club
4329500;Recipe_Weapon_Thrown_SheepsquatchShard;Plan: Sheepsquatch Shard
4582494;Recipe_Weapon_Melee_SheepsquatchStaff;Plan: Sheepsquatch Staff
4582462;Recipe_Weapon_Melee_ShepherdsCrook;Plan: Shepherd's Crook
4023623;recipe_mod_armor_UnderArmor_BOS_Mk5;Plan: Shielded Lining BoS Underarmor
4023625;recipe_mod_armor_UnderArmor_Casual_Mk5;Plan: Shielded Lining Casual Underarmor
4023627;recipe_mod_armor_UnderArmor_Marine_Mk5;Plan: Shielded Lining Marine Underarmor
4030366;recipe_mod_armor_UnderArmor_Enclave_Mk5;Plan: Shielded Lining Operative Underarmor
4023629;recipe_mod_armor_UnderArmor_Raider_Mk5;Plan: Shielded Lining Raider Underarmor
5194468;Recipe_Weapon_Melee_Shishkebab;Plan: Shishkebab
2835119;recipe_mod_melee_Shishkebab_ExtraFlameJets;Plan: Shishkebab Extra Flame Jets
5418908;zzzrecipe_mod_Enclave_PlasmaGun_SCOPE_shortscope_NV_Base;Plan: Short Night Vision Scope
4023520;Recipe_Workshop_Benches_Wood_ChurchPew_Short;Plan: Short Pew
4023526;Recipe_Workshop_Benches_Wood_Primitive_Short;Plan: Short Rustic Bench
4022644;Recipe_mod_armor_Wood_Shrouded;Plan: Shrouded Wood Armor Mod
4419581;Recipe_Weapon_Melee_Sickle;Plan: Sickle
5152703;Recipe_Workshop_Lights_SignsAndLetters;Plan: Signs and Letters
4023514;Recipe_Workshop_Benches_Wood_Simple_Long;Plan: Simple Long Bench
5130331;Recipe_Workshop_Bed_CharGen_Bed01;Plan: Simple Modern Bed
4023516;Recipe_Workshop_Benches_Wood_Simple_Short;Plan: Simple Short Bench
4023549;Recipe_Workshop_Shelves_GroceryStore_OneSided;Plan: Single Display Shelf
5195628;Recipe_Weapon_Ranged_SingleActionRevolver;Plan: Single-Action Revolver
5416601;recipe_mod_SingleActionRevolver_Grip_Better1;Plan: Single-Action Revolver Ivory Grip
4023606;Recipe_Workshop_DefensiveStructures_Siren;Plan: Siren
3807113;recipe_Clothes_HalloweenCostume02_Skeleton;Plan: Skeleton Costume
4419582;Recipe_Weapon_Melee_SkiSword;Plan: Ski Sword
2835110;recipe_mod_melee_SkiSword_SkateBlade;Plan: Ski Sword Skate Blade
3807117;recipe_Clothes_SkiingPurpleAndWhiteOutfit;Plan: Skiing Outfit
4419583;Recipe_Weapon_Melee_Sledgehammer;Plan: Sledge Hammer
2835113;recipe_DLC04_mod_melee_Sledgehammer_ExtraHeavyHead_Rocket_Blades_Heated;Plan: Sledgehammer Heavy Searing Sharp Rocket
2835112;recipe_DLC04_mod_melee_Sledgehammer_ExtraHeavyHead_Rocket_Blades;Plan: Sledgehammer Heavy Sharp Rocket
2835111;recipe_DLC04_mod_melee_Sledgehammer_ExtraHeavyHead_Rocket_Spikes;Plan: Sledgehammer Heavy Spiked Rocket
5152711;Recipe_Workshop_WallDecor_Signs_SmallLetters;Plan: Small Letters Set
5145836;POST_Recipe_Tinkers_GrenadeFragSmart;Plan: Smart Frag Grenade
5416602;recipe_mod_SubmachineGun_Receiver_Automatic1_and_ArmorPiercing;Plan: SMG Armor Piercing Receiver
5416603;recipe_mod_SubmachineGun_Receiver_Automatic1_and_MoreDamage1;Plan: SMG Hardened Receiver
5306492;recipe_mod_SubmachineGun_Receiver_ScorchedKiller;Plan: SMG Scorched Killer's Receiver
4620224;Recipe_Weapon_Thrown_SmokeGrenade;Plan: Smoke Grenade
5156589;Recipe_Weapon_Melee_Spear;Plan: Spear
5581015;recipe_mod_melee_MeatTenderizer_Heated;Plan: Spicy Tenderizer Mod
4419650;CUT_recipe_mod_PaddleBall_Spikes;Plan: Spiked Paddle Ball
4582460;recipe_mod_melee_ShepherdsCrook_Spiked;Plan: Spiked Shepherd's Crook
2835106;recipe_mod_melee_WalkingCane_Spikes;Plan: Spiked Walking Cane
4023551;Recipe_Workshop_Shelves_MagazineRackContainer01;Plan: Spinning Rack
4641444;recipe_Clothes_SpyOutfit;Plan: Spy Outfit
4629356;Recipe_Armor_Backpack_Standard;Plan: Standard Backpack
4023541;Recipe_Workshop_WallDecor_WallClocks_Starburst;Plan: Starburst Clock
4152988;Recipe_Chem_StimGas;Plan: Stimpak Diffuser
5139688;Recipe_Workshop_Benches_Stone;Plan: Stone Benches
5145921;Recipe_Workshop_FloorDecor_Statues_Fountain01;Plan: Stone Fountain
5152701;Recipe_Workshop_Lights_StreetLamps;Plan: Street Lights
143903;recipe_mod_armor_Combat_Lining_Limb_ResistanceLimbDamage;Plan: Strengthened Combat Armor Limbs
217957;recipe_mod_armor_Leather_Lining_Limb_ResistanceLimbDamage;Plan: Strengthened Leather Armor Limbs
137412;recipe_DLC03_mod_armor_Marine_Lining_Limb_ResistanceLimbDamage;Plan: Strengthened Marine Armor Limbs
178547;recipe_mod_armor_Metal_Lining_Limb_ResistanceLimbDamage;Plan: Strengthened Metal Armor Limbs
195688;recipe_mod_armor_RaiderMod_Lining_Limb_ResistanceLimbDamage;Plan: Strengthened Raider Armor Limbs
114484;recipe_mod_armor_Robot_Lining_Limb_ResistanceLimbDamage;Plan: Strengthened Robot Armor Limbs
157924;recipe_mod_armor_Trapper_Lining_Limb_ResistanceLimbDamage;Plan: Strengthened Trapper Armor Limbs
4425234;Recipe_Armor_Combat_Arms_Medium;Plan: Sturdy Combat Arms
4425235;Recipe_Armor_Combat_Legs_Medium;Plan: Sturdy Combat Legs
4425236;Recipe_Armor_Combat_Torso_Medium;Plan: Sturdy Combat Torso
4425231;Recipe_Armor_Leather_Arms_Medium;Plan: Sturdy Leather Arms
4425232;Recipe_Armor_Leather_Legs_Medium;Plan: Sturdy Leather Legs
4425233;Recipe_Armor_Leather_Torso_Medium;Plan: Sturdy Leather Torso
4425228;Recipe_Armor_Metal_Arms_Medium;Plan: Sturdy Metal Arms
4425229;Recipe_Armor_Metal_Legs_Medium;Plan: Sturdy Metal Legs
4425230;Recipe_Armor_Metal_Torso_Medium;Plan: Sturdy Metal Torso
2858961;Recipe_Armor_RaiderMod_Arms_Medium;Plan: Sturdy Raider Arms
2858963;Recipe_Armor_RaiderMod_Legs_Medium;Plan: Sturdy Raider Legs
2858965;Recipe_Armor_RaiderMod_Torso_Medium;Plan: Sturdy Raider Torso
4425212;recipe_Armor_Robot_Medium_Legs;Plan: Sturdy Robot Legs
4425211;recipe_Armor_Robot_Medium_Arms;Plan: Sturdy Robot Right Arms
4425207;recipe_Armor_Robot_Medium_Torso;Plan: Sturdy Robot Torso
4419595;Recipe_Weapon_Ranged_SubmachineGun;Plan: Submachine Gun
4023595;Recipe_Workshop_Container_Prewar_Suitcase_Clothes_Clean;Plan: Suitcase
5592218;Recipe_Workshop_FloorDecor_Misc_MeatWeek_BBQGrill;Plan: Super Mutant BBQ Grill
4419584;Recipe_Weapon_Melee_SuperSledge;Plan: Super Sledge
4419585;Recipe_Weapon_Melee_Switchblade;Plan: Switchblade
2835105;recipe_mod_melee_Switchblade_Serrated;Plan: Switchblade Serrated Blade
5419062;recipe_mod_PipeSyringer_Scope_ScopeLong_NV;Plan: Syringer Long NV Scope
5419063;recipe_mod_PipeSyringer_Scope_ScopeMedium_NV;Plan: Syringer Medium NV Scope
5419064;recipe_mod_PipeSyringer_Scope_ScopeShort_NV;Plan: Syringer Short NV Scope
5249266;recipe_mod_PowerArmor_T45_Torso_Misc_Cleanser;Plan: T-45 Blood Cleanser
5249259;recipe_mod_PowerArmor_T45_Leg_Misc_Carry;Plan: T-45 Calibrated Shocks
5249174;recipe_Armor_PowerArmor_T45_Torso;Plan: T-45 Chest Piece
5249265;recipe_mod_PowerArmor_T45_Torso_Misc_BatRegen;Plan: T-45 Core Assembly
5249267;recipe_mod_PowerArmor_T45_Torso_Misc_Emergency;Plan: T-45 Emergency Protocols
5249260;recipe_mod_PowerArmor_T45_Leg_Misc_ExplVent;Plan: T-45 Explosive Vent
5249247;POST_recipe_mod_PowerArmor_T45_Helmet_Headlamp;Plan: T-45 Headlamp
5249248;POST_recipe_mod_PowerArmor_T45_Helmet_Headlamp_Blue;Plan: T-45 Headlamp Blue
5249249;POST_recipe_mod_PowerArmor_T45_Helmet_Headlamp_Bright;Plan: T-45 Headlamp Bright
5249250;POST_recipe_mod_PowerArmor_T45_Helmet_Headlamp_Purple;Plan: T-45 Headlamp Purple
5249251;POST_recipe_mod_PowerArmor_T45_Helmet_Headlamp_RedTactical;Plan: T-45 Headlamp Red Tactical
5249252;POST_recipe_mod_PowerArmor_T45_Helmet_Headlamp_VaultBoy;Plan: T-45 Headlamp Vault Boy
5249171;recipe_Armor_PowerArmor_T45_Helmet;Plan: T-45 Helm
5249246;recipe_mod_PowerArmor_T45_Arm_Misc_Unarmed;Plan: T-45 Hydraulic Bracers
5249254;recipe_mod_PowerArmor_T45_Helmet_Misc_Int;Plan: T-45 Internal Database
5249268;recipe_mod_PowerArmor_T45_Torso_Misc_JetPack;Plan: T-45 Jet Pack
5249269;recipe_mod_PowerArmor_T45_Torso_Misc_Kinetic;Plan: T-45 Kinetic Dynamo
5249258;recipe_mod_PowerArmor_T45_Leg_Misc_APRegen;Plan: T-45 Kinetic Servos
5249169;recipe_Armor_PowerArmor_T45_ArmLeft;Plan: T-45 Left Arm
5249172;recipe_Armor_PowerArmor_T45_LegLeft;Plan: T-45 Left Leg
5249270;recipe_mod_PowerArmor_T45_Torso_Misc_MedicPump;Plan: T-45 Medic Pump
5249263;recipe_mod_PowerArmor_T45_Material_Paint_Military;Plan: T-45 Military Paint
5249273;recipe_mod_PowerArmor_T45_Torso_Misc_Str;Plan: T-45 Motion-Assist Servos
5249244;recipe_mod_PowerArmor_T45_Arm_Misc_Optimized;Plan: T-45 Optimized Bracers
5249261;recipe_mod_PowerArmor_T45_Leg_Misc_OptimizedServos;Plan: T-45 Optimized Servos
5249262;recipe_mod_PowerArmor_T45_Leg_Misc_SprintBoost;Plan: T-45 Overdrive Servos
5249271;recipe_mod_PowerArmor_T45_Torso_Misc_Reactive;Plan: T-45 Reactive Plates
5249255;recipe_mod_PowerArmor_T45_Helmet_Misc_Recon;Plan: T-45 Recon Sensors
5249170;recipe_Armor_PowerArmor_T45_ArmRight;Plan: T-45 Right Arm
5249173;recipe_Armor_PowerArmor_T45_LegRight;Plan: T-45 Right Leg
5249243;recipe_mod_PowerArmor_T45_Arm_Misc_Bleed;Plan: T-45 Rusty Knuckles
5249256;recipe_mod_PowerArmor_T45_Helmet_Misc_Sensor;Plan: T-45 Sensor Array
5249272;recipe_mod_PowerArmor_T45_Torso_Misc_StealthBoy;Plan: T-45 Stealth Boy
5249253;recipe_mod_PowerArmor_T45_Helmet_Misc_DetectLife;Plan: T-45 Targeting HUD
5249245;recipe_mod_PowerArmor_T45_Arm_Misc_ShockDmg;Plan: T-45 Tesla Bracers
5249274;recipe_mod_PowerArmor_T45_Torso_Misc_Tesla;Plan: T-45 Tesla Coils
5249257;recipe_mod_PowerArmor_T45_Helmet_Misc_VATSChance;Plan: T-45 VATS Matrix Overlay
5249264;recipe_mod_PowerArmor_T45_Material_Paint_Winterized;Plan: T-45 Winterized Paint
4811206;recipe_mod_PowerArmor_T51_Material_Paint_NukaCola;Plan: T-51 Power Armor Nuka-Cola Paint
5249299;recipe_mod_PowerArmor_T51_Torso_Misc_Cleanser;Plan: T-51b Blood Cleanser
5249291;recipe_mod_PowerArmor_T51_Leg_Misc_Carry;Plan: T-51b Calibrated Shocks
5249180;recipe_Armor_PowerArmor_T51_Torso;Plan: T-51b Chest Piece
5249298;recipe_mod_PowerArmor_T51_Torso_Misc_BatRegen;Plan: T-51b Core Assembly
5249300;recipe_mod_PowerArmor_T51_Torso_Misc_Emergency;Plan: T-51b Emergency Protocols
5249292;recipe_mod_PowerArmor_T51_Leg_Misc_ExplVent;Plan: T-51b Explosive Vent
5249279;POST_recipe_mod_PowerArmor_T51_Helmet_Headlamp;Plan: T-51b Headlamp
5249280;POST_recipe_mod_PowerArmor_T51_Helmet_Headlamp_Blue;Plan: T-51b Headlamp Blue
5249281;POST_recipe_mod_PowerArmor_T51_Helmet_Headlamp_Bright;Plan: T-51b Headlamp Bright
5249282;POST_recipe_mod_PowerArmor_T51_Helmet_Headlamp_Purple;Plan: T-51b Headlamp Purple
5249283;POST_recipe_mod_PowerArmor_T51_Helmet_Headlamp_RedTactical;Plan: T-51b Headlamp Red Tactical
5249284;POST_recipe_mod_PowerArmor_T51_Helmet_Headlamp_VaultBoy;Plan: T-51b Headlamp Vault Boy
5249177;recipe_Armor_PowerArmor_T51_Helmet;Plan: T-51b Helm
5249278;recipe_mod_PowerArmor_T51_Arm_Misc_Unarmed;Plan: T-51b Hydraulic Bracers
5249286;recipe_mod_PowerArmor_T51_Helmet_Misc_Int;Plan: T-51b Internal Database
5249301;recipe_mod_PowerArmor_T51_Torso_Misc_JetPack;Plan: T-51b Jet Pack
5249302;recipe_mod_PowerArmor_T51_Torso_Misc_Kinetic;Plan: T-51b Kinetic Dynamo
5249290;recipe_mod_PowerArmor_T51_Leg_Misc_APRegen;Plan: T-51b Kinetic Servos
5249175;recipe_Armor_PowerArmor_T51_ArmLeft;Plan: T-51b Left Arm
5249178;recipe_Armor_PowerArmor_T51_LegLeft;Plan: T-51b Left Leg
5249303;recipe_mod_PowerArmor_T51_Torso_Misc_MedicPump;Plan: T-51b Medic Pump
5249295;recipe_mod_PowerArmor_T51_Material_Paint_Military;Plan: T-51b Military Paint
5249306;recipe_mod_PowerArmor_T51_Torso_Misc_Str;Plan: T-51b Motion-Assist Servos
5249276;recipe_mod_PowerArmor_T51_Arm_Misc_Optimized;Plan: T-51b Optimized Bracers
5249293;recipe_mod_PowerArmor_T51_Leg_Misc_OptimizedServos;Plan: T-51b Optimized Servos
5249294;recipe_mod_PowerArmor_T51_Leg_Misc_SprintBoost;Plan: T-51b Overdrive Servos
5249304;recipe_mod_PowerArmor_T51_Torso_Misc_Reactive;Plan: T-51b Reactive Plates
5249287;recipe_mod_PowerArmor_T51_Helmet_Misc_Recon;Plan: T-51b Recon Sensors
5249176;recipe_Armor_PowerArmor_T51_ArmRight;Plan: T-51b Right Arm
5249179;recipe_Armor_PowerArmor_T51_LegRight;Plan: T-51b Right Leg
5249275;recipe_mod_PowerArmor_T51_Arm_Misc_Bleed;Plan: T-51b Rusty Knuckles
5249288;recipe_mod_PowerArmor_T51_Helmet_Misc_Sensor;Plan: T-51b Sensor Array
5249305;recipe_mod_PowerArmor_T51_Torso_Misc_StealthBoy;Plan: T-51b Stealth Boy
5249285;recipe_mod_PowerArmor_T51_Helmet_Misc_DetectLife;Plan: T-51b Targeting HUD
5249277;recipe_mod_PowerArmor_T51_Arm_Misc_ShockDmg;Plan: T-51b Tesla Bracers
5249307;recipe_mod_PowerArmor_T51_Torso_Misc_Tesla;Plan: T-51b Tesla Coils
5249289;recipe_mod_PowerArmor_T51_Helmet_Misc_VATSChance;Plan: T-51b VATS Matrix Overlay
5249296;POST_recipe_mod_PowerArmor_T51_Material_Paint_VimRed;Plan: T-51b Vim! Paint
5249297;recipe_mod_PowerArmor_T51_Material_Paint_Winterized;Plan: T-51b Winterized Coating
5249328;recipe_mod_PowerArmor_T60_Material_Paint_AtomCat;Plan: T-60 Atom Cat Paint
5249341;recipe_mod_PowerArmor_T60_Torso_Misc_Cleanser;Plan: T-60 Blood Cleanser
5249329;recipe_mod_PowerArmor_T60_Material_Paint_BOSElder;Plan: T-60 BOS Elder Paint
5249330;DEPRECATED_recipe_mod_PowerArmor_T60_Material_Paint_BOSInitiate;Plan: T-60 BOS Initiate Paint
5249332;recipe_mod_PowerArmor_T60_Material_Paint_BOSKnightCaptain;Plan: T-60 BOS Knight CPT Paint
5249331;recipe_mod_PowerArmor_T60_Material_Paint_BOSKnight;Plan: T-60 BOS Knight Paint
5249333;recipe_mod_PowerArmor_T60_Material_Paint_BOSKnightSgt;Plan: T-60 BOS Knight SGT Paint
5249334;recipe_mod_PowerArmor_T60_Material_Paint_BOSOfficer;Plan: T-60 BOS Officer Paint
5249335;recipe_mod_PowerArmor_T60_Material_Paint_BOSPaladin;Plan: T-60 BOS Paladin Paint
5249336;DEPRECATED_recipe_mod_PowerArmor_T60_Material_Paint_BOSSentinel;Plan: T-60 BOS Sentinel Paint
5249337;zzzrecipe_mod_PowerArmor_T60_Material_Paint_BOSStandard;Plan: T-60 BOS Standard Paint
5249324;recipe_mod_PowerArmor_T60_Leg_Misc_Carry;Plan: T-60 Calibrated Shocks
5249186;recipe_Armor_PowerArmor_T60_Torso;Plan: T-60 Chest Piece
5249340;recipe_mod_PowerArmor_T60_Torso_Misc_BatRegen;Plan: T-60 Core Assembly
5249342;recipe_mod_PowerArmor_T60_Torso_Misc_Emergency;Plan: T-60 Emergency Protocols
5249325;recipe_mod_PowerArmor_T60_Leg_Misc_ExplVent;Plan: T-60 Explosive Vent
5249312;POST_recipe_mod_PowerArmor_T60_Helmet_Headlamp;Plan: T-60 Headlamp
5249313;POST_recipe_mod_PowerArmor_T60_Helmet_Headlamp_Blue;Plan: T-60 Headlamp Blue
5249314;POST_recipe_mod_PowerArmor_T60_Helmet_Headlamp_Bright;Plan: T-60 Headlamp Bright
5249315;POST_recipe_mod_PowerArmor_T60_Helmet_Headlamp_Purple;Plan: T-60 Headlamp Purple
5249316;POST_recipe_mod_PowerArmor_T60_Helmet_Headlamp_RedTactical;Plan: T-60 Headlamp Red Tactical
5249317;POST_recipe_mod_PowerArmor_T60_Helmet_Headlamp_VaultBoy;Plan: T-60 Headlamp Vault Boy
5249183;recipe_Armor_PowerArmor_T60_Helmet;Plan: T-60 Helm
5249311;recipe_mod_PowerArmor_T60_Arm_Misc_Unarmed;Plan: T-60 Hydraulic Bracers
5249319;recipe_mod_PowerArmor_T60_Helmet_Misc_Int;Plan: T-60 Internal Database
5249343;recipe_mod_PowerArmor_T60_Torso_Misc_Jetpack;Plan: T-60 Jet Pack
5249344;recipe_mod_PowerArmor_T60_Torso_Misc_Kinetic;Plan: T-60 Kinetic Dynamo
5249323;recipe_mod_PowerArmor_T60_Leg_Misc_APRegen;Plan: T-60 Kinetic Servos
5249181;recipe_Armor_PowerArmor_T60_ArmLeft;Plan: T-60 Left Arm
5249184;recipe_Armor_PowerArmor_T60_LegLeft;Plan: T-60 Left Leg
5249345;recipe_mod_PowerArmor_T60_Torso_Misc_MedicPump;Plan: T-60 Medic Pump
5249338;recipe_mod_PowerArmor_T60_Material_Paint_Military;Plan: T-60 Military Paint
5249348;recipe_mod_PowerArmor_T60_Torso_Misc_Str;Plan: T-60 Motion-Assist Servos
5249309;recipe_mod_PowerArmor_T60_Arm_Misc_Optimized;Plan: T-60 Optimized Bracers
5249326;recipe_mod_PowerArmor_T60_Leg_Misc_OptimizedServos;Plan: T-60 Optimized Servos
5249327;recipe_mod_PowerArmor_T60_Leg_Misc_SprintBoost;Plan: T-60 Overdrive Servos
5249346;recipe_mod_PowerArmor_T60_Torso_Misc_Reactive;Plan: T-60 Reactive Plates
5249320;recipe_mod_PowerArmor_T60_Helmet_Misc_Recon;Plan: T-60 Recon Sensors
5249182;recipe_Armor_PowerArmor_T60_ArmRight;Plan: T-60 Right Arm
5249185;recipe_Armor_PowerArmor_T60_LegRight;Plan: T-60 Right Leg
5249308;recipe_mod_PowerArmor_T60_Arm_Misc_Bleed;Plan: T-60 Rusty Knuckles
5249321;recipe_mod_PowerArmor_T60_Helmet_Misc_Sensor;Plan: T-60 Sensor Array
5249347;recipe_mod_PowerArmor_T60_Torso_Misc_StealthBoy;Plan: T-60 Stealth Boy
5249318;recipe_mod_PowerArmor_T60_Helmet_Misc_DetectLife;Plan: T-60 Targeting HUD
5249310;recipe_mod_PowerArmor_T60_Arm_Misc_ShockDmg;Plan: T-60 Tesla Bracers
5249349;recipe_mod_PowerArmor_T60_Torso_Misc_Tesla;Plan: T-60 Tesla Coils
5249322;recipe_mod_PowerArmor_T60_Helmet_Misc_VATSChance;Plan: T-60 VATS Matrix Overlay
5249339;recipe_mod_PowerArmor_T60_Material_Paint_Winterized;Plan: T-60 Winterized Coating
5152707;Recipe_Workshop_Lights_TableLamps;Plan: Table Lamps
5147021;Recipe_Workshop_Appliances_TelevisionTable;Plan: Table Television
5147001;Recipe_Workshop_Appliances_Television;Plan: Television
5147041;Recipe_Workshop_MiscStructures_Tent_Medium;Plan: Tent
3803170;Recipe_Workshop_PowerConnectors_Terminal;Plan: Terminal
4023630;Recipe_Workshop_Trap_ElectricalArc;Plan: Tesla Arc Trap
4419605;Recipe_Weapon_Ranged_LightningGun;Plan: Tesla Rifle
5442093;recipe_DLC01_mod_LightningGun_Barrel_ChargeShotgun;Plan: Tesla Rifle Charging Shotgun Barrel
4641433;Recipe_Weapon_Ranged_TheFixer;Plan: The Fixer
5145846;POST_Recipe_Tinkers_GrenadeThrowingBearTrapBleeding;Plan: Thrown Bear Trap
5145845;POST_Recipe_Tinkers_GrenadeThrowingBearTrap;Plan: Thrown Bleeding Bear Trap
5130369;Recipe_Workshop_Crafting_CraftingTinkers;Plan: Tinker's Workbench
4419586;Recipe_Weapon_Melee_TireIron;Plan: Tire Iron
4419590;Recipe_Weapon_Thrown_Tomahawk;Plan: Tomahawk
4023591;Recipe_Workshop_Container_ToolChest;Plan: Tool Chest
4023594;Recipe_Workshop_Container_Toolbox;Plan: Toolbox
4582461;recipe_mod_melee_ShepherdsCrook_Toothed;Plan: Toothed Shepherd's Crook
5152695;Recipe_Workshop_Lights_TrackLights;Plan: Track Lighting
5199640;Recipe_Armor_Trapper_Arms;Plan: Trapper Arms
5199641;Recipe_Armor_Trapper_Legs;Plan: Trapper Legs
5199642;Recipe_Armor_Trapper_Torso;Plan: Trapper Torso
4023582;Recipe_Workshop_Container_Prewar_TrashCan;Plan: Trash Can
4030359;recipe_mod_armor_UnderArmor_BOS_Mk2;Plan: Treated Lining BoS Underarmor
4030361;recipe_mod_armor_UnderArmor_Casual_Mk2;Plan: Treated Lining Casual Underarmor
4030368;recipe_mod_armor_UnderArmor_Marine_Mk2;Plan: Treated Lining Marine Underarmor
4030363;recipe_mod_armor_UnderArmor_Enclave_Mk2;Plan: Treated Lining Operative Underarmor
4030370;recipe_mod_armor_UnderArmor_Raider_Mk2;Plan: Treated Lining Raider Underarmor
4023605;Recipe_Workshop_WallDecor_FlagWallUSA;Plan: U.S. Flag
4179936;P01C_Tadpole_Recipe_Workshop_WallDecor_FlagsUSA_Clean;Plan: U.S. Flags (Clean)
143902;recipe_mod_armor_Combat_Lining_Limb_Lighter2;Plan: Ultra-Light Build Combat Armor Limbs
210871;recipe_mod_armor_Leather_Lining_Torso_Lighter2;Plan: Ultra-Light Build Leather Armor Chest
217956;recipe_mod_armor_Leather_Lining_Limb_Lighter2;Plan: Ultra-Light Build Leather Armor Limbs
137395;recipe_DLC03_mod_armor_Marine_Lining_Torso_Lighter2;Plan: Ultra-Light Build Marine Armor Chest
137489;recipe_DLC03_mod_armor_Marine_Lining_Limb_Lighter2;Plan: Ultra-Light Build Marine Armor Limbs
163268;recipe_mod_armor_Metal_Lining_Torso_Lighter2;Plan: Ultra-Light Build Metal Armor Chest
190680;recipe_mod_armor_Metal_Lining_Limb_Lighter2;Plan: Ultra-Light Build Metal Armor Limbs
158163;recipe_mod_armor_RaiderMod_Lining_Torso_Lighter2;Plan: Ultra-Light Build Raider Armor Chest
158161;recipe_mod_armor_RaiderMod_Lining_Limb_Lighter2;Plan: Ultra-Light Build Raider Armor Limbs
114480;recipe_mod_armor_Robot_Lining_Torso_Lighter2;Plan: Ultra-Light Build Robot Armor Chest
114506;recipe_mod_armor_Robot_Lining_Limb_Lighter2;Plan: Ultra-Light Build Robot Armor Limbs
157882;recipe_mod_armor_Trapper_Lining_Torso_Lighter2;Plan: Ultra-Light Build Trapper Armor Chest
158021;recipe_mod_armor_Trapper_Lining_Limb_Lighter2;Plan: Ultra-Light Build Trapper Armor Limbs
5414330;recipe_mod_UltraciteLaserGun_Barrel_Spinning_Recoil-HipAccuracy;Plan: Ultracite Aligned Automatic Barrel
5249362;recipe_mod_PowerArmor_Ultracite_Torso_Misc_Cleanser;Plan: Ultracite Blood Cleanser
5249357;recipe_mod_PowerArmor_Ultracite_Leg_Misc_Carry;Plan: Ultracite Calibrated Shocks
5249361;recipe_mod_PowerArmor_Ultracite_Torso_Misc_BatRegen;Plan: Ultracite Core Assembly
5249364;recipe_mod_PowerArmor_Ultracite_Torso_Misc_Emergency;Plan: Ultracite Emergency Protocols
5249358;recipe_mod_PowerArmor_Ultracite_Leg_Misc_ExplVent;Plan: Ultracite Explosive Vent
5195665;Recipe_Weapon_Ranged_Ultracite_GatlingLaser;Plan: Ultracite Gatling Laser
5414329;recipe_mod_Ultracite_GatlingLaser_Receiver_Burning-HipAccuracy;Plan: Ultracite Gatling Refined Beta Wave Tuner
5414328;recipe_mod_Ultracite_GatlingLaser_Receiver_Burning-CritDMG;Plan: Ultracite Gatling Severe Beta Wave Tuner
5249189;recipe_Armor_PowerArmor_Ultracite_Helmet;Plan: Ultracite Helm
5249352;recipe_mod_PowerArmor_Ultracite_Arm_Misc_Unarmed;Plan: Ultracite Hydraulic Bracers
5249354;recipe_mod_PowerArmor_Ultracite_Helmet_Misc_Int;Plan: Ultracite Internal Database
5249365;recipe_mod_PowerArmor_Ultracite_Torso_Misc_Kinetic;Plan: Ultracite Kinetic Dynamo
5249356;recipe_mod_PowerArmor_Ultracite_Leg_Misc_APRegen;Plan: Ultracite Kinetic Servos
5195664;Recipe_Weapon_Ranged_Ultracite_LaserGun;Plan: Ultracite Laser Gun
5414223;recipe_mod_UltraciteLaserGun_Receiver_Burning-HipAccuracy;Plan: Ultracite Laser Refined Beta Wave Tuner
5414331;recipe_mod_UltraciteLaserGun_Receiver_Burning-CritDMG;Plan: Ultracite Laser Severe Beta Wave Tuner
5414222;recipe_mod_UltraciteLaserGun_Receiver_Burning-FastTrigger;Plan: Ultracite Laser Tuned Beta Wave Tuner
5249187;recipe_Armor_PowerArmor_Ultracite_ArmLeft;Plan: Ultracite Left Arm
5249190;recipe_Armor_PowerArmor_Ultracite_LegLeft;Plan: Ultracite Left Leg
5249366;recipe_mod_PowerArmor_Ultracite_Torso_Misc_MedicPump;Plan: Ultracite Medic Pump
5249368;recipe_mod_PowerArmor_Ultracite_Torso_Misc_Str;Plan: Ultracite Motion-Assist Servos
5249351;recipe_mod_PowerArmor_Ultracite_Arm_Misc_Optimized;Plan: Ultracite Optimized Bracers
5249359;recipe_mod_PowerArmor_Ultracite_Leg_Misc_OptimizedServos;Plan: Ultracite Optimized Servos
5249360;recipe_mod_PowerArmor_Ultracite_Leg_Misc_SprintBoost;Plan: Ultracite Overdrive Servos
5249367;recipe_mod_PowerArmor_Ultracite_Torso_Misc_Reactive;Plan: Ultracite Reactive Plates
5249188;recipe_Armor_PowerArmor_Ultracite_ArmRight;Plan: Ultracite Right Arm
5249191;recipe_Armor_PowerArmor_Ultracite_LegRight;Plan: Ultracite Right Leg
5249350;recipe_mod_PowerArmor_Ultracite_Arm_Misc_Bleed;Plan: Ultracite Rusty Knuckles
5249355;recipe_mod_PowerArmor_Ultracite_Helmet_Misc_Sensor;Plan: Ultracite Sensor Array
5249353;recipe_mod_PowerArmor_Ultracite_Helmet_Misc_DetectLife;Plan: Ultracite Targeting HUD
5249369;recipe_mod_PowerArmor_Ultracite_Torso_Misc_Tesla;Plan: Ultracite Tesla Coils
5249192;recipe_Armor_PowerArmor_Ultracite_Torso;Plan: Ultracite Torso
5249363;recipe_mod_PowerArmor_Ultracite_Torso_Misc_DMGShield;Plan: Ultracite Welded Rebar
3224313;recipe_Armor_Casual_Underarmor_ShirtJeans;Plan: Undershirt & Jeans
5301233;recipe_Headwear_CivilWarHatUnion;Plan: Union Hat
3807105;zzz_recipe_Clothes_CivilWarOutfit02;Plan: Union Outfit
3807107;recipe_Clothes_CivilWarUniformUnion;Plan: Union Uniform
3970298;Recipe_Workshop_WallDecor_PoweredPoster_Unstoppables;Plan: Unstoppables! Posters
3224464;POST_recipe_Armor_VaultSuit63_Underarmor;Plan: Vault 63 Jumpsuit
3224874;recipe_Armor_VaultSuit76_Underarmor_Clean;Plan: Vault 76 Jumpsuit
3224723;POST_recipe_Armor_VaultSuit94_Underarmor_Clean;Plan: Vault 94 Jumpsuit
3224463;recipe_Armor_VaultSuit96_Underarmor;Plan: Vault 96 Jumpsuit
5145927;Recipe_Workshop_FloorDecor_Statues_VaultBoy;Plan: Vault Boy
5145929;Recipe_Workshop_FloorDecor_Statues_VaultGirl;Plan: Vault Girl
3224724;recipe_Armor_VaultSuitVT_Underarmor;Plan: Vault Tec University Jumpsuit
4629422;zzz_Recipe_Backpack_Material_VaultTec;Plan: Vault-Tec Backpack Material
5130326;Recipe_Workshop_Bed_BedVault;Plan: Vault-Tec Bed
5130328;Recipe_Workshop_Bed_BedVault02;Plan: Vault-Tec Bed 2
5145933;Recipe_Workshop_FloorDecor_Statues_VaultCardboardCutouts;Plan: Vault-Tec Cardboard Standees
4510724;recipe_Clothes_Jumpsuit_VaultTec;Plan: Vault-Tec Jumpsuit
5145881;POST_Recipe_Workshop_Vendors_Stores;Plan: Vendors
5145931;Recipe_Workshop_FloorDecor_Statues_VaultBoyUniversityStatue01;Plan: VTU Statue
5156587;Recipe_Weapon_Melee_WalkingCane;Plan: Walking Cane
4419587;Recipe_Weapon_Melee_WarDrum;Plan: War Drum
5139700;Recipe_Workshop_Walls_Warehouse_Set;Plan: Warehouse Building Set
5343180;Recipe_SURV_WaterFilter;Plan: Water Filter
5145858;Recipe_Workshop_Water_WaterPump01;Plan: Water Pump
5145852;Recipe_Workshop_Water_WaterPumpPowered;Plan: Water Purifer - Small
5145856;Recipe_Workshop_Water_WaterPurifier;Plan: Water Purifier
4419646;CUT_recipe_mod_PaddleBall_ExplosiveCherry;Plan: Weaponized Nuka-Cola Cherry Paddle Ball
4419647;CUT_recipe_mod_PaddleBall_ExplosiveNuka;Plan: Weaponized Nuka-Cola Paddle Ball
4419648;CUT_recipe_mod_PaddleBall_ExplosiveQuantum;Plan: Weaponized Nuka-Cola Quantum Paddle Ball
5145917;Recipe_Workshop_FloorDecor_Rugs_WelcomeMats;Plan: Welcome Mats
4629423;zzz_Recipe_Backpack_Material_White;Plan: White Backpack Material
5145890;Recipe_Workshop_FloorDecor_Whitespring_Busts;Plan: Whitespring Busts
4023603;Recipe_Workshop_Instruments_Wind;Plan: Wind Instruments
5143125;Recipe_Workshop_Power_Generator_Windmill;Plan: Windmill
3807112;recipe_Clothes_HalloweenCostume01_Witch;Plan: Witch Costume
5156590;Recipe_Weapon_Melee_WoodCuttingAxe;Plan: Wood Axe
5146990;Recipe_Workshop_Appliances_WoodStove;Plan: Wood Stove
3963879;Recipe_Workshop_Tables_ChargenWoodSet;Plan: Wood Tables
5130345;Recipe_Workshop_Doors_DoorsWood_Barn;Plan: Wooden Barn Doors
4023589;Recipe_Workshop_Container_Prewar_WoodCrate;Plan: Wooden Crate
3963880;Recipe_Workshop_Tables_Desks_Wooden;Plan: Wooden Desks
5139697;Recipe_Workshop_Chairs_Chairs_Wood_Garden;Plan: Wooden Patio Chair
5139695;Recipe_Workshop_Chairs_Chairs_Wood_Rockers;Plan: Wooden Rocking Chairs
5130347;Recipe_Workshop_Doors_DoorsWood_Shack;Plan: Wooden Shack Doors
5145905;Recipe_Workshop_FloorDecor_Misc_Primitive_Furniture_Spindle;Plan: Wooden Spinning Wheel
5139698;Recipe_Workshop_Chairs_Chairs_Wood_Stool;Plan: Wooden Stool
5249392;recipe_mod_PowerArmor_X01_Torso_Misc_Cleanser;Plan: X-01 Blood Cleanser
5249386;recipe_mod_PowerArmor_X01_Leg_Misc_Carry;Plan: X-01 Calibrated Shocks
5249391;recipe_mod_PowerArmor_X01_Torso_Misc_BatRegen;Plan: X-01 Core Assembly
5249393;recipe_mod_PowerArmor_X01_Torso_Misc_Emergency;Plan: X-01 Emergency Protocols
5249387;recipe_mod_PowerArmor_X01_Leg_Misc_ExplVent;Plan: X-01 Explosive Vent
5249374;recipe_mod_PowerArmor_X01_Helmet_Headlamp;Plan: X-01 Headlamp
5249375;recipe_mod_PowerArmor_X01_Helmet_Headlamp_Blue;Plan: X-01 Headlamp Blue
5249376;recipe_mod_PowerArmor_X01_Helmet_Headlamp_Bright;Plan: X-01 Headlamp Bright
5249377;recipe_mod_PowerArmor_X01_Helmet_Headlamp_Purple;Plan: X-01 Headlamp Purple
5249378;recipe_mod_PowerArmor_X01_Helmet_Headlamp_RedTactical;Plan: X-01 Headlamp Red Tactical
5249379;recipe_mod_PowerArmor_X01_Helmet_Headlamp_VaultBoy;Plan: X-01 Headlamp Vault Boy
5249373;recipe_mod_PowerArmor_X01_Arm_Misc_Unarmed;Plan: X-01 Hydraulic Bracers
5249381;recipe_mod_PowerArmor_X01_Helmet_Misc_Int;Plan: X-01 Internal Database
5249394;recipe_mod_PowerArmor_X01_Torso_Misc_JetPack;Plan: X-01 Jet Pack
5249395;recipe_mod_PowerArmor_X01_Torso_Misc_Kinetic;Plan: X-01 Kinetic Dynamo
5249385;recipe_mod_PowerArmor_X01_Leg_Misc_APRegen;Plan: X-01 Kinetic Servos
5249396;recipe_mod_PowerArmor_X01_Torso_Misc_MedicPump;Plan: X-01 Medic Pump
5249390;recipe_mod_PowerArmor_X01_Material_Paint_Military;Plan: X-01 Military Paint
5249399;recipe_mod_PowerArmor_X01_Torso_Misc_Str;Plan: X-01 Motion-Assist Servos
5249388;recipe_mod_PowerArmor_X01_Leg_Misc_OptimizedServos;Plan: X-01 Optimized Servos
5249389;recipe_mod_PowerArmor_X01_Leg_Misc_SprintBoost;Plan: X-01 Overdrive Servos
4176356;recipe_mod_PowerArmor_X01_Material_Paint_NukaQuantum;Plan: X-01 Power Armor Nuka-Cola Quantum Paint
5249397;recipe_mod_PowerArmor_X01_Torso_Misc_Reactive;Plan: X-01 Reactive Plates
5249382;recipe_mod_PowerArmor_X01_Helmet_Misc_Recon;Plan: X-01 Recon Sensors
5249370;recipe_mod_PowerArmor_X01_Arm_Misc_Bleed;Plan: X-01 Rusty Knuckles
5249383;recipe_mod_PowerArmor_X01_Helmet_Misc_Sensor;Plan: X-01 Sensor Array
5249398;recipe_mod_PowerArmor_X01_Torso_Misc_StealthBoy;Plan: X-01 Stealth Boy
5249380;recipe_mod_PowerArmor_X01_Helmet_Misc_DetectLife;Plan: X-01 Targeting HUD
5249372;recipe_mod_PowerArmor_X01_Arm_Misc_ShockDmg;Plan: X-01 Tesla Bracers
5249400;recipe_mod_PowerArmor_X01_Torso_Misc_Tesla;Plan: X-01 Tesla Coils
5249371;recipe_mod_PowerArmor_X01_Arm_Misc_Optimized;Plan: X-01 Ultracite Optimized Bracers
5249384;recipe_mod_PowerArmor_X01_Helmet_Misc_VATSChance;Plan: X-01 VATS Matrix Overlay
4629424;zzz_Recipe_Backpack_Material_Yellow;Plan: Yellow Backpack Material
4001088;Recipe_Serum_AdrenalReaction;Recipe: Adrenal Reaction Serum
4027561;Recipe_Cooking_MirelurkQueenMeatTasty;Recipe: Aged Mirelurk Queen Steak
4739131;recipe_DiseaseCure_Antibiotics;Recipe: Antibiotics
4572323;zzzRecipe_Brew_P01E_HeartBubbly;Recipe: Appalachampagne
2853818;Recipe_Chems_BerryMentats;Recipe: Berry Mentats
4001089;Recipe_Serum_BirdBones;Recipe: Bird Bones Serum
4022080;Recipe_Cooking_BlackberryHoneyCrispGourmet;Recipe: Blackberry Honey Crisp
4131629;Recipe_Brewing_BeerBlackwaterBrew;Recipe: Blackwater Brew
5438964;Recipe_Cooking_BloatFlyMeatTasty;Recipe: Bloatfly Loaf
5438965;Recipe_Cooking_BloodbugMeatTasty;Recipe: Bloodbug Peppersteak
2853819;Recipe_Cooking_BrainBombsGourmet;Recipe: Brain Bombs
2853820;Recipe_Chems_Bufftats;Recipe: Bufftats
4001090;Recipe_Serum_Carnivore;Recipe: Carnivore Serum
5580735;Recipe_Cooking_E02A_Meat_ChallysFeed;Recipe: Chally's Feed
4001091;Recipe_Serum_Chameleon;Recipe: Chameleon Serum
4392160;Recipe_RSVP00_Cramburger;Recipe: Cramburger
4022065;Recipe_Cooking_CranberryTastyJam;Recipe: Cranberry Jam
4022062;Recipe_Cooking_CranberryMeatballGrinderGourmet;Recipe: Cranberry Meatball Grinder
4131634;Recipe_Brewing_CranberryMoonshine;Recipe: Cranberry Moonshine
4022068;Recipe_Cooking_CranberryTastyRelish;Recipe: Cranberry Relish
5311351;Recipe_Chems_CuttingFluid;Recipe: Cutting Fluid
5438969;Recipe_Cooking_DeathclawMeatTasty;Recipe: Deathclaw Wellington
4043750;RSVP00_Book_Recipe01_Appalachili;Recipe: Delbert's Appalachili
4104105;RSVP00_Book_Recipe04_Cramburger;Recipe: Delbert's Bunless Cramburger
3809313;RSVP00_Book_Recipe12_CompanyTea;Recipe: Delbert's Company Tea
3985640;RSVP00_Book_Recipe03_CornPone;Recipe: Delbert's Corn Pone
4104103;RSVP00_Book_Recipe05_Deerskins;Recipe: Delbert's Delicious Deerskins
3809317;RSVP00_Book_Recipe13_GrannysTea;Recipe: Delbert's Granny's Sweet Tea
4104104;RSVP00_Book_Recipe06_MountainHocks;Recipe: Delbert's Mountain Hocks
5414373;RSVP00_Book_Recipe07_MudCookie;Recipe: Delbert's Mud Cookie
4106805;RSVP00_Book_Recipe08_PotholePotpie;Recipe: Delbert's Pothole Potpie
5414374;RSVP00_Book_Recipe09_SunshineOil;Recipe: Delbert's Sunshine Oil
3809308;RSVP00_Book_Recipe11_LabradorTea;Recipe: Delbert's Sweet Labrador Tea
5414371;RSVP00_Book_Recipe10_TatoSalad;Recipe: Delbert's Tato Salad Surprise
5414372;RSVP00_Book_Recipe02_Chitlins;Recipe: Delbert's Traditional Chitlins
4404208;POST_Recipe_Chems_DetoxingSalveAshHeap;Recipe: Detoxing Salve (Ash Heap)
4404209;POST_Recipe_Chems_DetoxingSalveCranberryBog;Recipe: Detoxing Salve (Cranberry Bog)
4404210;POST_Recipe_Chems_DetoxingSalveForest;Recipe: Detoxing Salve (Forest)
4404211;POST_Recipe_Chems_DetoxingSalveMire;Recipe: Detoxing Salve (Mire)
4404212;POST_Recipe_Chems_DetoxingSalveSavageDivide;Recipe: Detoxing Salve (Savage Divide)
4404213;POST_Recipe_Chems_DetoxingSalveToxicValley;Recipe: Detoxing Salve (Toxic Valley)
3899182;RS03_Recipe_Chem_RadXDiluted;Recipe: Diluted Rad-X
3899181;RS03_Recipe_Chem_RadawayDiluted;Recipe: Diluted RadAway
4739125;recipe_DiseaseCure_HerbalMedicine_AshHeap;Recipe: Disease Cure (Ash Heap)
4739126;recipe_DiseaseCure_HerbalMedicine_CranberryBog;Recipe: Disease Cure (Cranberry Bog)
4739128;recipe_DiseaseCure_HerbalMedicine_SavageDivide;Recipe: Disease Cure (Savage Divide)
4739129;recipe_DiseaseCure_HerbalMedicine_TheMire;Recipe: Disease Cure (The Mire)
4739130;recipe_DiseaseCure_HerbalMedicine_ToxicValley;Recipe: Disease Cure (Toxic Valley)
5438970;Recipe_Cooking_DogMeatTasty;Recipe: Dog Meat Steak
4001092;Recipe_Serum_EagleEyes;Recipe: Eagle Eyes Serum
4001110;Recipe_Serum_EggHead;Recipe: Egg Head Serum
4001111;Recipe_Serum_ElectricallyCharged;Recipe: Electrically Charged Serum
4001112;Recipe_Serum_Empath;Recipe: Empath Serum
4123202;Recipe_Cooking_Donut_Fasnacht;Recipe: Fasnacht Donut
4123204;Recipe_Cooking_Sausage_Fasnacht;Recipe: Fasnacht Sausage
3639238;Recipe_Cooking_FirecapVegetableTastySouffle;Recipe: Firecap Souffle
4146283;Recipe_Brewing_FirecrackerWhiskey_Manhattan;Recipe: Firecracker Whiskey Manhattan
4146284;Recipe_Brewing_FirecrackerWhiskey_OldFashioned;Recipe: Firecracker Whiskey Old Fashioned
4127839;Recipe_Chems_SFS09_FormulaP;Recipe: Formula P
4330007;Recipe_Chems_SFS09_FormulaQ;Recipe: Formula Q
4027564;Recipe_Cooking_FriedDeerskinsTasty;Recipe: Fried Deerskins
4027557;Recipe_Cooking_RadToadLegTasty;Recipe: Fried Radtoad Legs
2853821;Recipe_Chems_Fury;Recipe: Fury
5438971;Recipe_Cooking_GlowingFungusVegetableTastySoup;Recipe: Glowing Fungus Puree
2853822;Recipe_Chems_GrapeMentats;Recipe: Grape Mentats
5438976;Recipe_Cooking_MoleratMeatTasty;Recipe: Ground Molerat
4001113;Recipe_Serum_Grounded;Recipe: Grounded Serum
4640540;Recipe_Brewing_HardLemonade;Recipe: Hard Lemonade
4001114;Recipe_Serum_HealingFactor;Recipe: Healing Factor Serum
2853823;Recipe_Chems_HealingSalveAshHeap;Recipe: Healing Salve (Ash Heap)
2853824;Recipe_Chems_HealingSalveCranberryBog;Recipe: Healing Salve (Cranberry Bog)
2853825;Recipe_Chems_HealingSalveForest;Recipe: Healing Salve (Forest)
2853826;Recipe_Chems_HealingSalveMire;Recipe: Healing Salve (Mire)
2853827;Recipe_Chems_HealingSalveSavageDivide;Recipe: Healing Salve (Savage Divide)
2853828;Recipe_Chems_HealingSalveToxicValley;Recipe: Healing Salve (Toxic Valley)
4001115;Recipe_Serum_Herbivore;Recipe: Herbivore Serum
4001116;Recipe_Serum_HerdMentality;Recipe: Herd Mentality Serum
5438972;Recipe_Cooking_IguanaMeatTastySoup;Recipe: Iguana Soup
5438966;Recipe_Cooking_BloodLeafHerbTastyTea;Recipe: Infused Blood Leaf Tea
5438980;Recipe_Cooking_SootFlowerHerbTastyTea;Recipe: Infused Soot Flower Tea
4351483;P01C_Tadpole_Recipe_Chems_InsectRepellent;Recipe: Insect Repellent
2853829;Recipe_Chems_Jet;Recipe: Jet
4146285;Recipe_Brewing_LeadChampagne_Bellini;Recipe: Lead Champagne Bellini
4146286;Recipe_Brewing_LeadChampagne_Mimosa;Recipe: Lead Champagne Mimosa
4640539;Recipe_Cooking_Lemonade;Recipe: Lemonade
4001117;Recipe_Serum_Marsupial;Recipe: Marsupial Serum
4027559;Recipe_Cooking_MegaslothMeatTasty;Recipe: Megasloth Tenderloin
2853830;Recipe_Chems_Mentats;Recipe: Mentats
5438973;Recipe_Cooking_MirelurkMeatTastyCake;Recipe: Mirelurk Cake
4022077;Recipe_Cooking_MirelurkAndBloodleafGourmet;Recipe: Mirelurk Cake With Bloodleaf Aioli
5438974;Recipe_Cooking_MirelurkMeatTastyJerky;Recipe: Mirelurk Jerky
5438975;Recipe_Cooking_MirelurkSoftshellMeatTasty;Recipe: Mirelurk Softshell Cake
4131635;Recipe_Brewing_MountainHoneyMoonshine;Recipe: Mountain Honey Moonshine
5438977;Recipe_Cooking_MutantHoundMeatTastyStew;Recipe: Mutant Hound Stew
4648116;Recipe_Cooking_SheepsquatchMeatTasty;Recipe: Mutton Meat Pie
4152983;P01B_Mini_Squatch01_Recipe_Cooking_MeatPie;Recipe: Mystery Meat Pie
4131630;Recipe_Brewing_BeerNewRiverRedAle;Recipe: New River Red Ale
4131636;Recipe_Brewing_DLC04_NukaCola_Dark;Recipe: Nuka-Cola Dark
4131631;Recipe_Brewing_BeerOakHollerLager;Recipe: Oak Holler Lager
4131632;Recipe_Brewing_BeerOldPossum;Recipe: Old Possum
2853831;Recipe_Chems_OrangeMentats;Recipe: Orange Mentats
2853832;Recipe_Chems_Overdrive;Recipe: Overdrive
4131633;Recipe_Brewing_BeerPickaxePilsner;Recipe: Pickaxe Pilsner
4001118;Recipe_Serum_PlagueWalker;Recipe: Plague Walker Serum
2853833;Recipe_Chems_Psycho;Recipe: Psycho
2853834;Recipe_Chems_Psychobuff;Recipe: Psychobuff
4078781;Recipe_Cooking_PumpkinPieTasty;Recipe: Pumpkin Pie
2853835;Recipe_Chems_RadAway;Recipe: RadAway
4027555;Recipe_Cooking_RadscorpionMeatTasty;Recipe: Radscorpion Fillet
5438984;Recipe_Cooking_RadStagMeatTastyStew;Recipe: Radstag Stew
2853836;CUT_Recipe_Chems_RefreshingBeverage;Recipe: Refreshing Beverage
4641425;Recipe_Cooking_Smores;Recipe: S'mores
4001119;Recipe_Serum_ScalySkin;Recipe: Scaly Skin Serum
4027563;Recipe_Cooking_ScorchBeastTastyStew;Recipe: Scorchbeast Mixed Meat Stew
4022074;Recipe_Cooking_VenisonWithStarlightBerriesGourmet;Recipe: Seared Venison With Berries
5438985;Recipe_Cooking_SiltBeanVegetableTastySoup;Recipe: Silt Bean Puree
2853837;Recipe_Chems_SkeetoSpit;Recipe: Skeeto Spit
4022083;Recipe_Cooking_SmokedMirelurkGourmet;Recipe: Smoked Mirelurk Fillets
4001120;Recipe_Serum_SpeedDemon;Recipe: Speed Demon Serum
5438979;Recipe_Cooking_SquirrelMeatTasty;Recipe: Squirrel On A Stick
5299387;Recipe_Cooking_AshRoseHerbTastyTea;Recipe: Steeped Ash Rose Tea
5299388;Recipe_Cooking_AsterHerbTastyTea;Recipe: Steeped Aster Tea
5299390;POST_Recipe_Cooking_BloodbloomHerbTastyTea;Recipe: Steeped Black Bloodleaf Tea
5299391;Recipe_Cooking_CarrotFlowerHerbTastyTea;Recipe: Steeped Carrot Flower Tea
5299392;Recipe_Cooking_FernFlowerHerbTastyTea;Recipe: Steeped Fern Flower Tea
5299393;Recipe_Cooking_FeverBlossomHerbTastyTea;Recipe: Steeped Fever Blossom Tea
5299394;Recipe_Cooking_GourdFlowerHerbTastyTea;Recipe: Steeped Gourd Blossom Tea
5299395;Recipe_Cooking_MelonBloomHerbTastyTea;Recipe: Steeped Melon Bloom Tea
5299396;Recipe_Cooking_MelonFlowerHerbTastyTea;Recipe: Steeped Melon Blossom Chai
5299397;Recipe_Cooking_StranglerBloomHerbTastyTea;Recipe: Steeped Strangler Bloom Tea
5299398;Recipe_Cooking_StranglerPodHerbTastyTea;Recipe: Steeped Strangler Pod Tea
5299399;Recipe_Cooking_TatoFlowerHerbTastyTea;Recipe: Steeped Tato Flower Tea
5299400;Recipe_Cooking_ThistleHerbTastyTea;Recipe: Steeped Thistle Tea
2853838;Recipe_Chems_Stimpak;Recipe: Stimpak
2853839;Recipe_Chems_SuperStimpak;Recipe: Super Stimpak
4022072;Recipe_Cooking_SwampPlantTastyTofuSoup;Recipe: Swamp Tofu Soup
5299389;Recipe_Cooking_BlackberryFruitTastyTea;Recipe: Sweet Blackberry Tea
5438982;Recipe_Cooking_MutfruitFruitTastyTea;Recipe: Sweet Mutfruit Tea
3981622;Recipe_Cooking_SweetRollGourmet;Recipe: Sweet Roll
5438968;Recipe_Cooking_TatoVegetableTastyStew;Recipe: Sweet Tato Stew
4001121;Recipe_Serum_Talons;Recipe: Talons Serum
5438983;Recipe_Cooking_RadscorpionEggTasty;Recipe: Tasty Radscorpion Egg Omelette
5438978;Recipe_Cooking_SquirrelMeatTastyStew;Recipe: Tasty Squirrel Stew
4027553;Recipe_Cooking_StingwingMeatTastyStew;Recipe: Tasty Stingwing Stew
5580736;Recipe_Cooking_MeatWeek_TatoSalad;Recipe: Tato Salad
4146287;Recipe_Brewing_TickbloodTequila_Margarita;Recipe: Tick Blood Tequila Margarita
4146288;Recipe_Brewing_TickbloodTequila_Sunrise;Recipe: Tick Blood Tequila Sunrise
4176796;Recipe_Brewing_ToxicGin;Recipe: Toxic Gin
4001122;Recipe_Serum_TwistedMuscles;Recipe: Twisted Muscles Serum
4001123;Recipe_Serum_UnstableIsotope;Recipe: Unstable Isotope Serum
4152401;Recipe_Brewing_WhiteRussian;Recipe: White Russian
5438967;Recipe_Cooking_YaoGuaiMeatTasty;Recipe: Yao Guai Roast